code,name,industry,board,is_stage1,label,date,close,ma50,ma150,ma200,52w_high,52w_low,pct_above_52w_low,pct_below_52w_high,return_20d_pct,return_120d_pct,amount_cny,volume,score,conditions,cup_handle_details,vcp_details,financial_pass,financial_score,is_transition,is_base_transition,is_high_quality_transition,stage2_core_count,transition_details,market_cap_cny,pe_ttm,next_report_period,next_report_deadline,rev_growth,profit_growth,profit_margin,matched_reason,ma200_change_pct,vol_contraction_ratio,range_pct,pct_off_ma200
002445,中南文化,C 制造业,深圳主板,True,基础过渡态,2026-06-18,3.18,3.57,3.13,3.0,4.77,2.33,36.48,-33.33,-9.92,24.71,203590885.0,64623245.0,142.5,"{'corrected_25pct': True, 'ma200_flattening': True, 'near_ma200': True, 'volume_contracting': True, 'tight_range': True, 'near_low': True, 'not_in_stage2': True}",{'reason': '杯底位置异常，非有效U型'},{'reason': '首轮回调幅度过小，无洗盘意义'},False,3,True,True,False,7,"{'stage2_core_count': 7, 'is_base_transition': np.True_, 'is_high_quality_transition': False, 'ma200_turning_up': True, 'volume_turning_up': np.False_, 'pattern_ready': False, 'financial_ready': False, 'rps_120_ready': True, 'tech_signal_count': np.int64(1)}",0,81.54,中报,2026-08-31,"[40.1, 26.67, -12.7]","[127.2, 38.35, -43.44]","[10.18, 7.48, 12.63]",SEPA Stage 1: 从高点回调 ≥20%; MA200 走平; 贴近MA200（+5.9%）; 成交量萎缩; 价格波动收窄; Stage1末期→即将进入Stage2,3.1,0.61,22.19,5.94
002440,闰土股份,C 制造业,深圳主板,True,基础过渡态,2026-06-18,9.99,10.23,9.92,9.22,16.14,6.58,51.82,-38.1,8.71,32.32,586146681.0,59306551.0,127.73,"{'corrected_25pct': True, 'ma200_flattening': True, 'near_ma200': False, 'volume_contracting': True, 'tight_range': True, 'near_low': True, 'not_in_stage2': True}",{'reason': '左杯沿到杯底距离过短，非有效U型'},"{'vcp_valid': False, 'vcp_status': '构筑中', 'vcp_contractions': 2, 'vcp_tighten': False, 'vcp_vol_shrink': True, 'high_trend_ok': False, 'vcp_tight_range': 31.0, 'vcp_vol_dry_up': np.True_, 'vcp_breakout': False, 'vcp_ranges': [29.69, 31.0], 'vcp_vols': [96360919.79, 37285824.55], 'vcp_resistance': 12.26}",False,7,True,True,False,7,"{'stage2_core_count': 7, 'is_base_transition': np.True_, 'is_high_quality_transition': False, 'ma200_turning_up': True, 'volume_turning_up': np.True_, 'pattern_ready': False, 'financial_ready': False, 'rps_120_ready': True, 'tech_signal_count': np.int64(2)}",0,16.54,中报,2026-08-31,"[2.25, 0.61, 31.59]","[40.09, 198.93, 275.19]","[5.52, 11.85, 11.01]",SEPA Stage 1: 从高点回调 ≥20%; MA200 走平; 成交量萎缩; 价格波动收窄; Stage1末期→即将进入Stage2,1.78,0.69,23.44,8.38
002539,云图控股,C 制造业,深圳主板,True,纯筑底股,2026-06-18,11.45,13.38,13.02,12.38,16.99,8.14,40.66,-32.61,-9.56,8.12,197243908.0,17031681.0,127.5,"{'corrected_25pct': True, 'ma200_flattening': True, 'near_ma200': True, 'volume_contracting': True, 'tight_range': True, 'near_low': True, 'not_in_stage2': True}",{'reason': '非上升趋势，无标准杯柄'},{'reason': '不满足SEPA上升趋势前提'},True,15,False,False,False,5,{'stage2_core_count': 5},0,16.35,中报,2026-08-31,"[1.1, 5.0, 6.83]","[1.32, 3.28, 19.85]","[4.35, 3.95, 5.11]",SEPA Stage 1: 从高点回调 ≥20%; MA200 走平; 贴近MA200（-7.5%）; 成交量萎缩; 价格波动收窄; 业绩加速,1.39,0.64,23.17,-7.48
002448,中原内配,C 制造业,深圳主板,True,纯筑底股,2026-06-18,13.25,14.27,13.51,12.78,17.7,7.47,77.38,-25.14,-3.21,11.34,211936799.0,15929412.0,127.0,"{'corrected_25pct': True, 'ma200_flattening': True, 'near_ma200': True, 'volume_contracting': True, 'tight_range': True, 'near_low': False, 'not_in_stage2': True}",{'reason': '杯底位置异常，非有效U型'},"{'vcp_valid': False, 'vcp_status': '构筑中', 'vcp_contractions': 3, 'vcp_tighten': False, 'vcp_vol_shrink': False, 'high_trend_ok': True, 'vcp_tight_range': 31.83, 'vcp_vol_dry_up': np.False_, 'vcp_breakout': False, 'vcp_ranges': [12.52, 25.79, 31.83], 'vcp_vols': [27328603.67, 29318651.92, 25311578.21], 'vcp_resistance': 17.25}",True,8,False,False,False,6,{'stage2_core_count': 6},0,16.64,中报,2026-08-31,"[16.35, 18.49, 25.4]","[43.62, 99.76, 73.44]","[12.87, 11.95, 17.98]",SEPA Stage 1: 从高点回调 ≥20%; MA200 走平; 贴近MA200（+3.7%）; 成交量萎缩; 价格波动收窄; 业绩加速,3.33,0.64,24.4,3.7
002466,天齐锂业,C 制造业,深圳主板,True,高质量过渡态,2026-06-18,62.18,66.5,58.93,55.71,82.49,29.21,112.87,-24.62,-5.47,24.04,4675288344.0,74690833.0,126.5,"{'corrected_25pct': True, 'ma200_flattening': True, 'near_ma200': False, 'volume_contracting': False, 'tight_range': True, 'near_low': False, 'not_in_stage2': True}",{'reason': '柄部周期异常(31天)，标准1-4周'},"{'vcp_valid': False, 'vcp_status': '构筑中', 'vcp_contractions': 3, 'vcp_tighten': False, 'vcp_vol_shrink': False, 'high_trend_ok': False, 'vcp_tight_range': 31.22, 'vcp_vol_dry_up': np.False_, 'vcp_breakout': False, 'vcp_ranges': [21.27, 13.55, 31.22], 'vcp_vols': [58008501.4, 33833377.27, 67808472.67], 'vcp_resistance': 81.71}",True,15,True,True,True,8,"{'stage2_core_count': 8, 'is_base_transition': np.True_, 'is_high_quality_transition': True, 'ma200_turning_up': True, 'volume_turning_up': np.False_, 'pattern_ready': False, 'financial_ready': True, 'rps_120_ready': True, 'tech_signal_count': np.int64(1)}",0,33.99,中报,2026-08-31,"[-26.5, -20.8, 98.44]","[226.64, 26.03, 263.1]","[29.54, 29.02, 55.4]",SEPA Stage 1: 从高点回调 ≥20%; MA200 走平; 价格波动收窄; 业绩加速; 高质量过渡态：技术面+业绩+RPS三重共振,4.04,1.01,24.08,11.6
002493,荣盛石化,C 制造业,深圳主板,True,纯筑底股,2026-06-18,11.21,12.04,11.96,11.39,16.24,7.96,40.83,-30.97,-1.84,22.38,870904612.0,76093696.0,125.0,"{'corrected_25pct': True, 'ma200_flattening': True, 'near_ma200': True, 'volume_contracting': True, 'tight_range': True, 'near_low': True, 'not_in_stage2': True}",{'reason': '非上升趋势，无标准杯柄'},{'reason': '不满足SEPA上升趋势前提'},True,10,False,False,False,5,{'stage2_core_count': 5},0,22.34,中报,2026-08-31,"[-7.09, -5.47, -19.13]","[45.64, 52.86, 307.03]","[1.15, 1.05, 8.27]",SEPA Stage 1: 从高点回调 ≥20%; MA200 走平; 贴近MA200（-1.6%）; 成交量萎缩; 价格波动收窄; 业绩加速,1.98,0.82,16.19,-1.56
002563,森马服饰,C 制造业,深圳主板,True,纯筑底股,2026-06-18,5.24,5.5,5.46,5.43,6.52,4.73,10.78,-19.63,-8.23,-3.14,82079276.0,15624639.0,123.82,"{'corrected_25pct': False, 'ma200_flattening': True, 'near_ma200': True, 'volume_contracting': True, 'tight_range': True, 'near_low': True, 'not_in_stage2': True}",{'reason': '非上升趋势，无标准杯柄'},{'reason': '不满足SEPA上升趋势前提'},True,8,False,False,False,5,{'stage2_core_count': 5},0,16.0,中报,2026-08-31,"[4.74, 3.17, 12.03]","[-29.6, -22.18, 45.65]","[5.38, 5.85, 8.99]",SEPA Stage 1: MA200 走平; 贴近MA200（-3.5%）; 成交量萎缩; 价格波动收窄; 业绩加速,0.59,0.66,11.39,-3.5
002470,金正大,C 制造业,深圳主板,True,纯筑底股,2026-06-18,2.07,2.62,2.34,2.2,3.82,1.66,24.7,-45.81,-15.85,19.65,239504193.0,115494304.0,123.5,"{'corrected_25pct': True, 'ma200_flattening': True, 'near_ma200': True, 'volume_contracting': True, 'tight_range': True, 'near_low': True, 'not_in_stage2': True}",{'reason': '非上升趋势，无标准杯柄'},{'reason': '不满足SEPA上升趋势前提'},True,13,False,False,False,4,{'stage2_core_count': 4},0,204.95,中报,2026-08-31,"[14.44, 19.07, 25.9]","[-115.73, -44.66, 20.68]","[-0.39, 0.34, 0.4]",SEPA Stage 1: 从高点回调 ≥20%; MA200 走平; 贴近MA200（-6.0%）; 成交量萎缩; 价格波动收窄; 业绩加速,2.44,0.41,21.46,-6.0
002392,北京利尔,C 制造业,深圳主板,True,高质量过渡态,2026-06-18,8.81,8.55,8.07,8.27,11.33,5.97,47.57,-22.24,-1.67,20.19,310591653.0,36022102.0,123.0,"{'corrected_25pct': True, 'ma200_flattening': True, 'near_ma200': True, 'volume_contracting': False, 'tight_range': False, 'near_low': True, 'not_in_stage2': True}",{'reason': '柄部周期异常(25天)，标准1-4周'},"{'vcp_valid': False, 'vcp_status': '构筑中', 'vcp_contractions': 2, 'vcp_tighten': False, 'vcp_vol_shrink': False, 'high_trend_ok': True, 'vcp_tight_range': 32.39, 'vcp_vol_dry_up': np.False_, 'vcp_breakout': False, 'vcp_ranges': [28.1, 32.39], 'vcp_vols': [17432314.03, 33592202.62], 'vcp_resistance': 10.96}",True,8,True,True,True,8,"{'stage2_core_count': 8, 'is_base_transition': np.True_, 'is_high_quality_transition': True, 'ma200_turning_up': True, 'volume_turning_up': np.False_, 'pattern_ready': False, 'financial_ready': True, 'rps_120_ready': True, 'tech_signal_count': np.int64(1)}",0,25.69,中报,2026-08-31,"[9.16, 10.17, 12.34]","[10.13, 22.78, 2.42]","[6.46, 5.86, 6.9]",SEPA Stage 1: 从高点回调 ≥20%; MA200 走平; 贴近MA200（+6.5%）; 业绩加速; 高质量过渡态：技术面+业绩+RPS三重共振,1.41,1.09,29.34,6.54
002438,江苏神通,C 制造业,深圳主板,True,基础过渡态,2026-06-18,15.46,16.43,16.1,15.44,20.02,11.21,37.91,-22.78,-3.5,2.93,151525567.0,9725275.0,122.5,"{'corrected_25pct': True, 'ma200_flattening': True, 'near_ma200': True, 'volume_contracting': True, 'tight_range': False, 'near_low': True, 'not_in_stage2': True}",{'reason': '杯底位置异常，非有效U型'},{'reason': '首轮回调幅度过小，无洗盘意义'},False,3,True,True,False,7,"{'stage2_core_count': 7, 'is_base_transition': np.True_, 'is_high_quality_transition': False, 'ma200_turning_up': True, 'volume_turning_up': np.False_, 'pattern_ready': False, 'financial_ready': False, 'rps_120_ready': False, 'tech_signal_count': np.int64(1)}",0,27.67,中报,2026-08-31,"[0.22, -0.65, -9.75]","[1.61, -3.6, -4.68]","[14.11, 13.32, 16.28]",SEPA Stage 1: 从高点回调 ≥20%; MA200 走平; 贴近MA200（+0.1%）; 成交量萎缩; Stage1末期→即将进入Stage2,1.54,0.78,25.02,0.12
002386,天原股份,C 制造业,深圳主板,True,纯筑底股,2026-06-18,5.51,6.22,5.96,5.8,7.44,4.48,22.99,-25.94,-9.23,6.17,114025119.0,20673470.0,122.0,"{'corrected_25pct': True, 'ma200_flattening': True, 'near_ma200': True, 'volume_contracting': True, 'tight_range': True, 'near_low': True, 'not_in_stage2': True}",{'reason': '非上升趋势，无标准杯柄'},{'reason': '不满足SEPA上升趋势前提'},True,10,False,False,False,4,{'stage2_core_count': 4},0,98.57,中报,2026-08-31,"[-14.89, -15.47, 16.38]","[309.35, 21.68, 1206.7]","[0.05, 0.26, 1.99]",SEPA Stage 1: 从高点回调 ≥20%; MA200 走平; 贴近MA200（-5.0%）; 成交量萎缩; 价格波动收窄; 业绩加速,0.91,0.51,14.18,-5.02
002560,通达股份,C 制造业,深圳主板,True,基础过渡态,2026-06-18,8.21,9.71,7.95,7.38,12.9,4.98,64.86,-36.36,-10.57,23.46,266208683.0,32398240.0,121.0,"{'corrected_25pct': True, 'ma200_flattening': True, 'near_ma200': False, 'volume_contracting': True, 'tight_range': True, 'near_low': False, 'not_in_stage2': True}",{'reason': '左杯沿到杯底距离过短，非有效U型'},"{'vcp_valid': False, 'vcp_status': '构筑中', 'vcp_contractions': 3, 'vcp_tighten': False, 'vcp_vol_shrink': False, 'high_trend_ok': True, 'vcp_tight_range': 37.44, 'vcp_vol_dry_up': np.False_, 'vcp_breakout': False, 'vcp_ranges': [14.76, 21.29, 37.44], 'vcp_vols': [61765105.89, 29074871.5, 73882149.82], 'vcp_resistance': 12.9}",False,0,True,True,False,7,"{'stage2_core_count': 7, 'is_base_transition': np.True_, 'is_high_quality_transition': False, 'ma200_turning_up': True, 'volume_turning_up': np.False_, 'pattern_ready': False, 'financial_ready': False, 'rps_120_ready': True, 'tech_signal_count': np.int64(1)}",0,25.54,中报,2026-08-31,"[40.78, 29.0, 9.04]","[76.45, 395.34, 73.18]","[2.29, 2.11, 1.99]",SEPA Stage 1: 从高点回调 ≥20%; MA200 走平; 成交量萎缩; 价格波动收窄; Stage1末期→即将进入Stage2,3.97,0.64,22.28,11.31
002413,雷科防务,C 制造业,深圳主板,True,纯筑底股,2026-06-18,10.23,12.17,11.95,10.37,20.29,4.9,108.78,-49.58,-10.18,5.68,488129538.0,47692269.0,120.0,"{'corrected_25pct': True, 'ma200_flattening': True, 'near_ma200': True, 'volume_contracting': True, 'tight_range': True, 'near_low': False, 'not_in_stage2': True}",{'reason': '非上升趋势，无标准杯柄'},{'reason': '不满足SEPA上升趋势前提'},False,0,False,False,False,5,{'stage2_core_count': 5},0,,中报,2026-08-31,"[34.0, 17.25, 26.52]",,"[-8.93, -5.47, -5.7]",SEPA Stage 1: 从高点回调 ≥20%; MA200 走平; 贴近MA200（-1.3%）; 成交量萎缩; 价格波动收窄,4.51,0.29,18.43,-1.32
002408,齐翔腾达,C 制造业,深圳主板,True,纯筑底股,2026-06-18,5.05,5.85,5.54,5.4,7.15,4.41,14.51,-29.37,-8.18,8.84,176655851.0,35009730.0,118.5,"{'corrected_25pct': True, 'ma200_flattening': True, 'near_ma200': True, 'volume_contracting': True, 'tight_range': True, 'near_low': True, 'not_in_stage2': True}",{'reason': '非上升趋势，无标准杯柄'},{'reason': '不满足SEPA上升趋势前提'},False,3,False,False,False,4,{'stage2_core_count': 4},0,,中报,2026-08-31,"[-0.77, -5.75, 4.91]","[-166.79, -1340.78, -1076.91]","[-0.75, -2.34, -1.54]",SEPA Stage 1: 从高点回调 ≥20%; MA200 走平; 贴近MA200（-6.5%）; 成交量萎缩; 价格波动收窄,0.08,0.56,18.57,-6.45
002414,高德红外,C 制造业,深圳主板,True,纯筑底股,2026-06-18,13.66,13.66,14.25,13.76,18.62,8.31,64.38,-26.64,-0.07,5.4,706617846.0,51545343.0,118.0,"{'corrected_25pct': True, 'ma200_flattening': True, 'near_ma200': True, 'volume_contracting': True, 'tight_range': True, 'near_low': False, 'not_in_stage2': True}",{'reason': '非上升趋势，无标准杯柄'},{'reason': '不满足SEPA上升趋势前提'},True,8,False,False,False,3,{'stage2_core_count': 3},0,85.0,中报,2026-08-31,"[69.27, 72.5, 83.02]","[906.85, 1058.95, 337.96]","[18.97, 14.86, 29.37]",SEPA Stage 1: 从高点回调 ≥20%; MA200 走平; 贴近MA200（-0.7%）; 成交量萎缩; 价格波动收窄; 业绩加速,0.81,0.66,23.28,-0.71
002554,惠博普,B 采矿业,深圳主板,True,纯筑底股,2026-06-18,3.23,3.36,3.61,3.48,5.13,2.64,22.35,-37.04,0.31,0.0,71759867.0,22149539.0,112.5,"{'corrected_25pct': True, 'ma200_flattening': True, 'near_ma200': True, 'volume_contracting': True, 'tight_range': True, 'near_low': True, 'not_in_stage2': True}",{'reason': '非上升趋势，无标准杯柄'},{'reason': '不满足SEPA上升趋势前提'},False,3,False,False,False,2,{'stage2_core_count': 2},0,717.78,中报,2026-08-31,"[-0.17, -10.74, 17.34]","[110.87, 69.24, -194.72]","[0.38, -16.17, -7.39]",SEPA Stage 1: 从高点回调 ≥20%; MA200 走平; 贴近MA200（-7.1%）; 成交量萎缩; 价格波动收窄,0.88,0.36,9.63,-7.13
002519,银河电子,C 制造业,深圳主板,True,纯筑底股,2026-06-18,6.27,7.54,7.52,6.86,12.62,4.52,38.72,-50.32,-15.38,-5.71,175403394.0,27804473.0,106.67,"{'corrected_25pct': True, 'ma200_flattening': True, 'near_ma200': False, 'volume_contracting': True, 'tight_range': True, 'near_low': True, 'not_in_stage2': True}",{'reason': '非上升趋势，无标准杯柄'},{'reason': '不满足SEPA上升趋势前提'},True,8,False,False,False,5,{'stage2_core_count': 5},0,4478.57,中报,2026-08-31,"[-59.12, 3.58, 155.34]","[-117.81, -121.71, -128.88]","[-12.28, -15.4, 0.69]",SEPA Stage 1: 从高点回调 ≥20%; MA200 走平; 成交量萎缩; 价格波动收窄; 业绩加速,2.02,0.28,21.75,-8.67
002471,中超控股,C 制造业,深圳主板,True,纯筑底股,2026-06-18,6.89,8.14,7.46,6.83,10.87,4.05,70.12,-36.61,-15.36,11.67,439342999.0,63608813.0,104.5,"{'corrected_25pct': True, 'ma200_flattening': True, 'near_ma200': True, 'volume_contracting': True, 'tight_range': False, 'near_low': False, 'not_in_stage2': True}",{'reason': '杯底位置异常，非有效U型'},"{'vcp_valid': False, 'vcp_status': '构筑中', 'vcp_contractions': 5, 'vcp_tighten': False, 'vcp_vol_shrink': False, 'high_trend_ok': False, 'vcp_tight_range': 15.19, 'vcp_vol_dry_up': np.True_, 'vcp_breakout': False, 'vcp_ranges': [21.79, 25.21, 20.35, 28.56, 15.19], 'vcp_vols': [263793632.75, 255190905.0, 154229679.64, 115342796.42, 102768434.75], 'vcp_resistance': 8.1}",False,3,False,False,False,6,{'stage2_core_count': 6},0,,中报,2026-08-31,"[-2.21, -5.81, 21.59]",[-109.59],"[-0.7, -0.48, -0.42]",SEPA Stage 1: 从高点回调 ≥20%; MA200 走平; 贴近MA200（+0.9%）; 成交量萎缩,3.98,0.33,26.32,0.91
002358,森源电气,C 制造业,深圳主板,True,纯筑底股,2026-06-18,5.83,6.95,6.84,6.43,9.5,4.75,22.74,-38.63,-11.8,3.92,107410146.0,18299300.0,103.38,"{'corrected_25pct': True, 'ma200_flattening': True, 'near_ma200': False, 'volume_contracting': True, 'tight_range': True, 'near_low': True, 'not_in_stage2': True}",{'reason': '非上升趋势，无标准杯柄'},{'reason': '不满足SEPA上升趋势前提'},True,10,False,False,False,4,{'stage2_core_count': 4},0,36.99,中报,2026-08-31,"[8.23, 5.33, 1.2]","[12.47, 4.28, 14.26]","[7.03, 3.22, 6.93]",SEPA Stage 1: 从高点回调 ≥20%; MA200 走平; 成交量萎缩; 价格波动收窄; 业绩加速,1.45,0.3,21.5,-9.31
002397,梦洁股份,C 制造业,深圳主板,True,纯筑底股,2026-06-18,4.21,4.64,4.35,4.22,5.91,3.42,23.1,-28.76,-19.35,2.68,63175357.0,14927900.0,101.0,"{'corrected_25pct': True, 'ma200_flattening': True, 'near_ma200': True, 'volume_contracting': True, 'tight_range': False, 'near_low': True, 'not_in_stage2': True}",{'reason': '非上升趋势，无标准杯柄'},{'reason': '不满足SEPA上升趋势前提'},True,8,False,False,False,4,{'stage2_core_count': 4},0,66.72,中报,2026-08-31,"[-7.97, -2.07, 9.28]","[32.75, 94.66, 61.07]","[2.38, 2.81, 4.33]",SEPA Stage 1: 从高点回调 ≥20%; MA200 走平; 贴近MA200（-0.4%）; 成交量萎缩; 业绩加速,2.19,0.82,31.64,-0.36
002478,常宝股份,C 制造业,深圳主板,True,纯筑底股,2026-06-18,6.92,8.7,9.25,8.41,13.87,5.1,35.69,-50.11,-9.66,-17.22,124771892.0,17821459.0,99.5,"{'corrected_25pct': True, 'ma200_flattening': True, 'near_ma200': False, 'volume_contracting': True, 'tight_range': True, 'near_low': True, 'not_in_stage2': True}",{'reason': '非上升趋势，无标准杯柄'},{'reason': '不满足SEPA上升趋势前提'},False,5,False,False,False,4,{'stage2_core_count': 4},0,12.63,中报,2026-08-31,"[1.4, 3.45, 9.88]","[-6.89, -25.86, -43.39]","[9.43, 8.38, 5.03]",SEPA Stage 1: 从高点回调 ≥20%; MA200 走平; 成交量萎缩; 价格波动收窄,1.99,0.51,19.46,-17.68
002468,申通快递,G 运输仓储,深圳主板,True,纯筑底股,2026-06-18,13.28,15.41,14.38,15.05,19.93,10.49,26.6,-33.37,-11.99,-4.87,228551774.0,17106300.0,98.5,"{'corrected_25pct': True, 'ma200_flattening': True, 'near_ma200': False, 'volume_contracting': True, 'tight_range': True, 'near_low': True, 'not_in_stage2': True}",{'reason': '非上升趋势，无标准杯柄'},{'reason': '不满足SEPA上升趋势前提'},True,15,False,False,False,2,{'stage2_core_count': 2},0,14.86,中报,2026-08-31,"[15.17, 17.84, 30.74]","[17.89, 33.29, 94.52]","[1.96, 2.46, 2.92]",SEPA Stage 1: 从高点回调 ≥20%; MA200 走平; 成交量萎缩; 价格波动收窄; 业绩加速,-0.83,0.82,18.68,-11.77
002479,富春环保,D 水电煤气,深圳主板,True,纯筑底股,2026-06-18,4.58,5.37,5.21,5.19,6.27,4.54,0.88,-26.95,-10.89,-1.93,79352970.0,17222018.0,98.0,"{'corrected_25pct': True, 'ma200_flattening': True, 'near_ma200': False, 'volume_contracting': True, 'tight_range': True, 'near_low': True, 'not_in_stage2': True}",{'reason': '非上升趋势，无标准杯柄'},{'reason': '不满足SEPA上升趋势前提'},True,8,False,False,False,3,{'stage2_core_count': 3},0,12.43,中报,2026-08-31,"[9.01, 1.93, 24.14]","[-1.43, -7.81, 11.19]","[8.27, 5.89, 9.29]",SEPA Stage 1: 从高点回调 ≥20%; MA200 走平; 成交量萎缩; 价格波动收窄; 业绩加速,-0.24,0.82,23.35,-11.83
002416,爱施德,F 批发零售,深圳主板,True,纯筑底股,2026-06-18,10.69,11.92,12.1,12.02,13.88,9.69,10.32,-22.98,-5.81,-4.98,236050727.0,22084201.0,97.5,"{'corrected_25pct': True, 'ma200_flattening': True, 'near_ma200': False, 'volume_contracting': True, 'tight_range': True, 'near_low': True, 'not_in_stage2': True}",{'reason': '非上升趋势，无标准杯柄'},{'reason': '不满足SEPA上升趋势前提'},True,13,False,False,False,2,{'stage2_core_count': 2},0,31.13,中报,2026-08-31,"[-31.46, -16.07, 21.66]","[-31.0, -34.58, 9.43]","[1.01, 0.77, 1.0]",SEPA Stage 1: 从高点回调 ≥20%; MA200 走平; 成交量萎缩; 价格波动收窄; 业绩加速,-0.89,0.81,18.68,-11.05
002472,双环传动,C 制造业,深圳主板,True,纯筑底股,2026-06-18,43.78,40.78,41.02,41.38,53.28,29.68,47.51,-17.83,-1.53,9.26,2321405785.0,53478161.0,96.92,"{'corrected_25pct': False, 'ma200_flattening': True, 'near_ma200': True, 'volume_contracting': False, 'tight_range': True, 'near_low': True, 'not_in_stage2': True}","{'cup_valid': True, 'cup_high': 47.66, 'cup_low': 35.08, 'cup_depth_pct': 26.4, 'cup_days': 88, 'right_rim_price': 45.03, 'handle_valid': False, 'handle_high': 44.87, 'handle_low': 41.0, 'handle_depth_pct': 8.62, 'handle_days': 8, 'volume_contracting': False, 'price_breakout': False, 'volume_breakout': False, 'near_rim': True}",{'reason': '不满足SEPA上升趋势前提'},False,0,False,False,False,6,{'stage2_core_count': 6},0,28.07,中报,2026-08-31,"[-4.1, 3.77, 1.49]","[24.23, 25.43, 3.59]","[14.73, 14.54, 14.32]",SEPA Stage 1: MA200 走平; 贴近MA200（+5.8%）; 价格波动收窄,1.82,2.05,19.2,5.81
002555,三七互娱,I 信息技术,深圳主板,True,纯筑底股,2026-06-18,17.47,20.16,21.91,21.41,30.09,13.76,26.96,-41.94,-12.21,-13.04,537918433.0,30643831.0,96.0,"{'corrected_25pct': True, 'ma200_flattening': True, 'near_ma200': False, 'volume_contracting': True, 'tight_range': True, 'near_low': True, 'not_in_stage2': True}",{'reason': '非上升趋势，无标准杯柄'},{'reason': '不满足SEPA上升趋势前提'},True,10,False,False,False,2,{'stage2_core_count': 2},0,13.33,中报,2026-08-31,"[-6.59, -8.46, -12.32]","[23.57, 8.81, 58.55]","[18.82, 18.16, 23.41]",SEPA Stage 1: 从高点回调 ≥20%; MA200 走平; 成交量萎缩; 价格波动收窄; 业绩加速,1.21,0.58,16.02,-18.41
002451,摩恩电气,C 制造业,深圳主板,True,纯筑底股,2026-06-18,7.63,9.09,10.2,9.37,15.17,6.28,21.5,-49.7,-13.39,-26.07,61977991.0,8116068.0,96.0,"{'corrected_25pct': True, 'ma200_flattening': True, 'near_ma200': False, 'volume_contracting': True, 'tight_range': True, 'near_low': True, 'not_in_stage2': True}",{'reason': '非上升趋势，无标准杯柄'},{'reason': '不满足SEPA上升趋势前提'},True,10,False,False,False,2,{'stage2_core_count': 2},0,130.2,中报,2026-08-31,"[28.02, 17.19, -10.06]","[52.23, 20.68, 89.6]","[1.43, 1.64, 3.08]",SEPA Stage 1: 从高点回调 ≥20%; MA200 走平; 成交量萎缩; 价格波动收窄; 业绩加速,1.07,0.29,23.64,-18.57
002349,精华制药,C 制造业,深圳主板,True,纯筑底股,2026-06-18,6.31,7.08,7.39,7.39,8.34,6.27,0.64,-24.34,-9.47,-12.48,36917203.0,5808720.0,96.0,"{'corrected_25pct': True, 'ma200_flattening': True, 'near_ma200': False, 'volume_contracting': True, 'tight_range': True, 'near_low': True, 'not_in_stage2': True}",{'reason': '非上升趋势，无标准杯柄'},{'reason': '不满足SEPA上升趋势前提'},True,10,False,False,False,2,{'stage2_core_count': 2},0,19.99,中报,2026-08-31,"[4.51, 4.13, 4.46]","[10.0, 5.81, 14.31]","[19.18, 17.93, 21.53]",SEPA Stage 1: 从高点回调 ≥20%; MA200 走平; 成交量萎缩; 价格波动收窄; 业绩加速,-1.31,0.44,14.04,-14.57
002430,杭氧股份,C 制造业,深圳主板,True,纯筑底股,2026-06-18,26.0,27.88,29.03,27.88,34.3,18.58,39.94,-24.2,-3.63,-9.47,527015894.0,20319930.0,95.5,"{'corrected_25pct': True, 'ma200_flattening': True, 'near_ma200': True, 'volume_contracting': False, 'tight_range': True, 'near_low': True, 'not_in_stage2': True}",{'reason': '非上升趋势，无标准杯柄'},{'reason': '不满足SEPA上升趋势前提'},False,7,False,False,False,4,{'stage2_core_count': 4},0,23.89,中报,2026-08-31,"[10.39, 9.96, 12.11]","[15.39, 7.4, 13.0]","[7.44, 7.06, 7.06]",SEPA Stage 1: 从高点回调 ≥20%; MA200 走平; 贴近MA200（-6.8%）; 价格波动收窄,1.22,1.13,20.73,-6.75
002516,旷达科技,C 制造业,深圳主板,True,纯筑底股,2026-06-18,6.08,5.96,6.18,6.13,7.29,4.85,25.36,-16.6,1.67,-3.34,262832302.0,43393875.0,95.3,"{'corrected_25pct': False, 'ma200_flattening': True, 'near_ma200': True, 'volume_contracting': False, 'tight_range': True, 'near_low': True, 'not_in_stage2': True}",{'reason': '非上升趋势，无标准杯柄'},{'reason': '不满足SEPA上升趋势前提'},True,10,False,False,False,4,{'stage2_core_count': 4},0,48.84,中报,2026-08-31,"[11.91, 8.46, 16.56]","[14.8, 14.25, 24.83]","[7.84, 8.05, 9.36]",SEPA Stage 1: MA200 走平; 贴近MA200（-0.8%）; 价格波动收窄; 业绩加速,1.49,1.74,20.25,-0.79
002507,涪陵榨菜,C 制造业,深圳主板,True,纯筑底股,2026-06-18,11.41,11.88,12.45,12.51,13.46,11.27,1.24,-15.23,-1.81,-9.73,74879289.0,6533713.0,94.48,"{'corrected_25pct': False, 'ma200_flattening': True, 'near_ma200': False, 'volume_contracting': True, 'tight_range': True, 'near_low': True, 'not_in_stage2': True}",{'reason': '非上升趋势，无标准杯柄'},{'reason': '不满足SEPA上升趋势前提'},True,13,False,False,False,1,{'stage2_core_count': 1},0,17.14,中报,2026-08-31,"[1.84, 1.88, 5.7]","[0.33, -3.92, 0.07]","[33.67, 31.58, 36.15]",SEPA Stage 1: MA200 走平; 成交量萎缩; 价格波动收窄; 业绩加速,-0.95,0.63,6.21,-8.82
002412,汉森制药,C 制造业,深圳主板,True,纯筑底股,2026-06-18,5.93,6.42,6.5,6.45,8.21,5.56,6.65,-27.77,-9.19,-4.05,35997676.0,6095933.0,94.36,"{'corrected_25pct': True, 'ma200_flattening': True, 'near_ma200': False, 'volume_contracting': True, 'tight_range': True, 'near_low': True, 'not_in_stage2': True}",{'reason': '非上升趋势，无标准杯柄'},{'reason': '不满足SEPA上升趋势前提'},False,5,False,False,False,1,{'stage2_core_count': 1},0,15.06,中报,2026-08-31,"[6.75, 3.41, -2.25]","[-36.88, -10.05, 241.17]","[11.14, 19.07, 14.59]",SEPA Stage 1: 从高点回调 ≥20%; MA200 走平; 成交量萎缩; 价格波动收窄,-0.53,0.62,16.23,-8.07
002340,格林美,C 制造业,深圳主板,True,纯筑底股,2026-06-18,7.42,8.17,8.33,8.2,10.18,6.01,23.46,-27.11,-8.05,2.77,1479410574.0,200530882.0,93.58,"{'corrected_25pct': True, 'ma200_flattening': True, 'near_ma200': False, 'volume_contracting': True, 'tight_range': True, 'near_low': True, 'not_in_stage2': True}",{'reason': '非上升趋势，无标准杯柄'},{'reason': '不满足SEPA上升趋势前提'},False,3,False,False,False,2,{'stage2_core_count': 2},0,22.05,中报,2026-08-31,"[10.55, 11.82, 5.12]","[23.64, 29.59, 7.99]","[4.78, 4.64, 6.5]",SEPA Stage 1: 从高点回调 ≥20%; MA200 走平; 成交量萎缩; 价格波动收窄,1.21,0.64,24.56,-9.46
002391,长青股份,C 制造业,深圳主板,True,纯筑底股,2026-06-18,5.08,5.81,5.95,5.94,6.9,5.01,1.4,-26.38,-10.88,-6.96,29782046.0,5871550.0,93.0,"{'corrected_25pct': True, 'ma200_flattening': True, 'near_ma200': False, 'volume_contracting': True, 'tight_range': True, 'near_low': True, 'not_in_stage2': True}",{'reason': '非上升趋势，无标准杯柄'},{'reason': '不满足SEPA上升趋势前提'},True,10,False,False,False,1,{'stage2_core_count': 1},0,63.11,中报,2026-08-31,"[11.33, 4.58, 8.35]","[121.0, 20.05, 84.1]","[1.76, 1.1, 3.08]",SEPA Stage 1: 从高点回调 ≥20%; MA200 走平; 成交量萎缩; 价格波动收窄; 业绩加速,-1.33,0.73,16.17,-14.45
002517,恺英网络,I 信息技术,深圳主板,True,纯筑底股,2026-06-18,14.5,16.81,20.34,21.31,30.29,14.08,2.98,-52.13,-11.59,-31.76,591629313.0,40282857.0,92.5,"{'corrected_25pct': True, 'ma200_flattening': True, 'near_ma200': False, 'volume_contracting': True, 'tight_range': True, 'near_low': True, 'not_in_stage2': True}",{'reason': '非上升趋势，无标准杯柄'},{'reason': '不满足SEPA上升趋势前提'},True,15,False,False,False,0,{'stage2_core_count': 0},0,16.28,中报,2026-08-31,"[3.75, 4.04, 64.19]","[23.67, 16.87, 58.88]","[38.85, 35.72, 37.04]",SEPA Stage 1: 从高点回调 ≥20%; MA200 走平; 成交量萎缩; 价格波动收窄; 业绩加速,-1.71,0.84,19.11,-31.96
002476,新叶股份,C 制造业,深圳主板,True,纯筑底股,2026-06-18,5.27,5.67,6.14,6.04,7.99,4.43,18.96,-34.04,-5.05,-7.87,55633021.0,10481800.0,92.5,"{'corrected_25pct': True, 'ma200_flattening': True, 'near_ma200': False, 'volume_contracting': True, 'tight_range': True, 'near_low': True, 'not_in_stage2': True}",{'reason': '非上升趋势，无标准杯柄'},{'reason': '不满足SEPA上升趋势前提'},False,3,False,False,False,2,{'stage2_core_count': 2},0,85.14,中报,2026-08-31,"[17.29, 12.0, 78.03]","[62.06, -44.46, -9.46]","[8.37, 5.19, 5.35]",SEPA Stage 1: 从高点回调 ≥20%; MA200 走平; 成交量萎缩; 价格波动收窄,0.76,0.56,19.51,-12.76
002565,顺灏股份,C 制造业,深圳主板,True,纯筑底股,2026-06-18,12.96,17.12,15.26,13.28,23.4,4.67,177.52,-44.62,-20.64,-23.09,1359336082.0,104173755.0,92.43,"{'corrected_25pct': True, 'ma200_flattening': False, 'near_ma200': True, 'volume_contracting': True, 'tight_range': False, 'near_low': False, 'not_in_stage2': True}",{'reason': '非上升趋势，无标准杯柄'},{'reason': '不满足SEPA上升趋势前提'},True,8,False,False,False,5,{'stage2_core_count': 5},0,172.57,中报,2026-08-31,"[-20.57, -21.78, -10.34]","[1.99, -6.35, 35.77]","[8.86, 5.84, 9.09]",SEPA Stage 1: 从高点回调 ≥20%; 贴近MA200（-2.4%）; 成交量萎缩; 业绩加速,5.79,0.42,31.71,-2.39
002510,天汽模,C 制造业,深圳主板,True,纯筑底股,2026-06-18,6.18,6.8,7.14,7.1,9.09,5.96,3.69,-32.01,-16.82,-11.59,152940790.0,24960700.0,92.0,"{'corrected_25pct': True, 'ma200_flattening': True, 'near_ma200': False, 'volume_contracting': True, 'tight_range': True, 'near_low': True, 'not_in_stage2': True}",{'reason': '非上升趋势，无标准杯柄'},{'reason': '不满足SEPA上升趋势前提'},True,8,False,False,False,1,{'stage2_core_count': 1},0,103.17,中报,2026-08-31,"[-22.61, -13.21, 7.58]","[-38.39, -27.09, -30.47]","[3.36, 2.55, 2.89]",SEPA Stage 1: 从高点回调 ≥20%; MA200 走平; 成交量萎缩; 价格波动收窄; 业绩加速,-0.14,0.53,24.66,-12.97
002372,伟星新材,C 制造业,深圳主板,True,纯筑底股,2026-06-18,8.64,9.95,10.49,10.38,12.32,8.57,0.82,-29.87,-12.73,-16.52,49415067.0,5716864.0,92.0,"{'corrected_25pct': True, 'ma200_flattening': True, 'near_ma200': False, 'volume_contracting': True, 'tight_range': True, 'near_low': True, 'not_in_stage2': True}",{'reason': '非上升趋势，无标准杯柄'},{'reason': '不满足SEPA上升趋势前提'},True,8,False,False,False,1,{'stage2_core_count': 1},0,18.73,中报,2026-08-31,"[-10.76, -14.12, -9.2]","[-14.88, -23.51, 3.37]","[16.02, 13.64, 14.74]",SEPA Stage 1: 从高点回调 ≥20%; MA200 走平; 成交量萎缩; 价格波动收窄; 业绩加速,-0.98,0.72,19.84,-16.75
002549,凯美特气,N 公共环保,深圳主板,True,纯筑底股,2026-06-18,16.22,18.26,20.22,20.44,29.91,8.75,85.37,-45.77,-9.64,-20.57,635028042.0,38809103.0,91.0,"{'corrected_25pct': True, 'ma200_flattening': True, 'near_ma200': False, 'volume_contracting': True, 'tight_range': True, 'near_low': False, 'not_in_stage2': True}",{'reason': '非上升趋势，无标准杯柄'},{'reason': '不满足SEPA上升趋势前提'},False,0,False,False,False,2,{'stage2_core_count': 2},0,150.46,中报,2026-08-31,"[13.19, 6.57, -5.56]",[-66.5],"[15.45, 10.86, 6.9]",SEPA Stage 1: 从高点回调 ≥20%; MA200 走平; 成交量萎缩; 价格波动收窄,1.74,0.63,23.57,-20.63
002370,亚太药业,C 制造业,深圳主板,True,纯筑底股,2026-06-18,5.03,6.38,7.01,6.95,9.41,3.37,49.26,-46.55,-16.86,-27.94,81204241.0,15994293.0,91.0,"{'corrected_25pct': True, 'ma200_flattening': True, 'near_ma200': False, 'volume_contracting': True, 'tight_range': True, 'near_low': True, 'not_in_stage2': True}",{'reason': '非上升趋势，无标准杯柄'},{'reason': '不满足SEPA上升趋势前提'},False,0,False,False,False,2,{'stage2_core_count': 2},0,38.6,中报,2026-08-31,"[-25.59, -20.25, -7.71]","[1820.97, 181.27]","[42.57, 29.8, -4.34]",SEPA Stage 1: 从高点回调 ≥20%; MA200 走平; 成交量萎缩; 价格波动收窄,-0.82,0.53,24.0,-27.61
002376,新北洋,C 制造业,深圳主板,True,纯筑底股,2026-06-18,6.05,6.75,7.19,7.3,9.13,5.85,3.42,-33.73,-8.75,-13.82,53789217.0,8882285.0,91.0,"{'corrected_25pct': True, 'ma200_flattening': True, 'near_ma200': False, 'volume_contracting': True, 'tight_range': True, 'near_low': True, 'not_in_stage2': True}",{'reason': '非上升趋势，无标准杯柄'},{'reason': '不满足SEPA上升趋势前提'},True,12,False,False,False,0,{'stage2_core_count': 0},0,39.65,中报,2026-08-31,"[16.82, 17.34, 28.02]","[22.77, 13.7, 52.07]","[4.65, 4.44, 2.87]",SEPA Stage 1: 从高点回调 ≥20%; MA200 走平; 成交量萎缩; 价格波动收窄; 业绩加速,-1.55,0.79,18.97,-17.11
002548,金新农,C 制造业,深圳主板,True,纯筑底股,2026-06-18,3.83,4.62,5.53,5.33,7.23,3.71,3.23,-47.03,-11.75,-27.19,86706879.0,22669164.0,90.5,"{'corrected_25pct': True, 'ma200_flattening': True, 'near_ma200': False, 'volume_contracting': True, 'tight_range': True, 'near_low': True, 'not_in_stage2': True}",{'reason': '非上升趋势，无标准杯柄'},{'reason': '不满足SEPA上升趋势前提'},False,5,False,False,False,1,{'stage2_core_count': 1},0,,中报,2026-08-31,"[3.04, 4.03, 12.52]","[-420.95, -952.44]","[-2.59, -6.17, -14.15]",SEPA Stage 1: 从高点回调 ≥20%; MA200 走平; 成交量萎缩; 价格波动收窄,-0.03,0.62,19.1,-28.15
002540,亚太科技,C 制造业,深圳主板,True,纯筑底股,2026-06-18,5.08,5.89,6.69,6.66,8.08,4.97,2.21,-37.13,-8.47,-25.07,40064646.0,7923000.0,90.5,"{'corrected_25pct': True, 'ma200_flattening': True, 'near_ma200': False, 'volume_contracting': True, 'tight_range': True, 'near_low': True, 'not_in_stage2': True}",{'reason': '非上升趋势，无标准杯柄'},{'reason': '不满足SEPA上升趋势前提'},False,5,False,False,False,1,{'stage2_core_count': 1},0,14.94,中报,2026-08-31,"[6.2, 12.34, 16.52]","[-15.97, -8.04, -57.81]","[5.05, 5.1, 1.9]",SEPA Stage 1: 从高点回调 ≥20%; MA200 走平; 成交量萎缩; 价格波动收窄,-0.92,0.51,16.7,-23.67
002521,齐峰新材,C 制造业,深圳主板,True,纯筑底股,2026-06-18,6.87,7.82,8.16,8.4,9.97,6.81,0.88,-31.09,-11.58,-16.42,39473257.0,5714500.0,90.0,"{'corrected_25pct': True, 'ma200_flattening': True, 'near_ma200': False, 'volume_contracting': True, 'tight_range': True, 'near_low': True, 'not_in_stage2': True}",{'reason': '非上升趋势，无标准杯柄'},{'reason': '不满足SEPA上升趋势前提'},True,10,False,False,False,0,{'stage2_core_count': 0},0,24.54,中报,2026-08-31,"[-0.83, -0.97, -3.91]","[-3.28, 37.66, 121.32]","[4.11, 4.67, 5.06]",SEPA Stage 1: 从高点回调 ≥20%; MA200 走平; 成交量萎缩; 价格波动收窄; 业绩加速,-1.61,0.8,15.57,-18.22
002523,天桥起重,C 制造业,深圳主板,True,纯筑底股,2026-06-18,3.26,3.72,4.12,4.08,5.02,3.15,3.49,-35.06,-8.43,-15.1,95705252.0,29496992.0,89.5,"{'corrected_25pct': True, 'ma200_flattening': True, 'near_ma200': False, 'volume_contracting': True, 'tight_range': True, 'near_low': True, 'not_in_stage2': True}",{'reason': '非上升趋势，无标准杯柄'},{'reason': '不满足SEPA上升趋势前提'},False,3,False,False,False,1,{'stage2_core_count': 1},0,38.49,中报,2026-08-31,"[18.92, 11.74, 0.01]","[628.48, 353.18, -3.25]","[6.32, 5.79, 6.0]",SEPA Stage 1: 从高点回调 ≥20%; MA200 走平; 成交量萎缩; 价格波动收窄,-1.31,0.54,19.05,-20.15
002383,合众思壮,C 制造业,深圳主板,True,纯筑底股,2026-06-18,7.09,8.74,10.18,9.99,15.47,7.04,0.71,-54.17,-16.59,-33.24,68239631.0,9557000.0,89.5,"{'corrected_25pct': True, 'ma200_flattening': True, 'near_ma200': False, 'volume_contracting': True, 'tight_range': True, 'near_low': True, 'not_in_stage2': True}",{'reason': '非上升趋势，无标准杯柄'},{'reason': '不满足SEPA上升趋势前提'},False,3,False,False,False,1,{'stage2_core_count': 1},0,2444.83,中报,2026-08-31,"[7.22, 14.27, -6.38]","[-154.17, 93.73]","[0.22, -12.65, 0.51]",SEPA Stage 1: 从高点回调 ≥20%; MA200 走平; 成交量萎缩; 价格波动收窄,-2.43,0.28,23.3,-29.03
002344,海宁皮城,L 商务服务,深圳主板,True,纯筑底股,2026-06-18,3.71,4.21,4.6,4.59,5.36,3.61,2.77,-30.78,-8.85,-22.06,48375681.0,13025200.0,89.5,"{'corrected_25pct': True, 'ma200_flattening': True, 'near_ma200': False, 'volume_contracting': True, 'tight_range': True, 'near_low': True, 'not_in_stage2': True}",{'reason': '非上升趋势，无标准杯柄'},{'reason': '不满足SEPA上升趋势前提'},False,3,False,False,False,1,{'stage2_core_count': 1},0,48.18,中报,2026-08-31,"[-0.18, -1.61, -6.62]","[-19.78, -25.37, -35.97]","[12.22, 9.68, 19.1]",SEPA Stage 1: 从高点回调 ≥20%; MA200 走平; 成交量萎缩; 价格波动收窄,-1.27,0.63,18.28,-19.11
002398,垒知集团,C 制造业,深圳主板,True,纯筑底股,2026-06-18,3.99,4.68,5.35,5.28,7.09,3.95,1.01,-43.72,-13.64,-27.72,44654349.0,11170200.0,89.5,"{'corrected_25pct': True, 'ma200_flattening': True, 'near_ma200': False, 'volume_contracting': True, 'tight_range': True, 'near_low': True, 'not_in_stage2': True}",{'reason': '非上升趋势，无标准杯柄'},{'reason': '不满足SEPA上升趋势前提'},False,3,False,False,False,1,{'stage2_core_count': 1},0,28.5,中报,2026-08-31,"[-2.46, -9.33, -15.14]","[2.7, 11.18, -22.39]","[5.42, 2.28, 6.37]",SEPA Stage 1: 从高点回调 ≥20%; MA200 走平; 成交量萎缩; 价格波动收窄,-2.23,0.57,18.99,-24.48
002363,隆基机械,C 制造业,深圳主板,True,纯筑底股,2026-06-18,6.53,7.72,8.53,8.39,11.21,6.44,1.4,-41.75,-14.19,-18.27,38208741.0,5854130.0,89.5,"{'corrected_25pct': True, 'ma200_flattening': True, 'near_ma200': False, 'volume_contracting': True, 'tight_range': True, 'near_low': True, 'not_in_stage2': True}",{'reason': '非上升趋势，无标准杯柄'},{'reason': '不满足SEPA上升趋势前提'},False,3,False,False,False,1,{'stage2_core_count': 1},0,40.28,中报,2026-08-31,"[-12.13, -14.33, -15.96]","[12.06, 62.8, -1.06]","[2.51, 3.31, 3.85]",SEPA Stage 1: 从高点回调 ≥20%; MA200 走平; 成交量萎缩; 价格波动收窄,-1.24,0.36,20.96,-22.17
002556,辉隆股份,F 批发零售,深圳主板,True,纯筑底股,2026-06-18,4.9,5.61,5.91,5.81,7.27,4.85,1.03,-32.6,-7.55,-11.71,31549425.0,6444350.0,89.5,"{'corrected_25pct': True, 'ma200_flattening': True, 'near_ma200': False, 'volume_contracting': True, 'tight_range': True, 'near_low': True, 'not_in_stage2': True}",{'reason': '非上升趋势，无标准杯柄'},{'reason': '不满足SEPA上升趋势前提'},False,3,False,False,False,1,{'stage2_core_count': 1},0,22.9,中报,2026-08-31,"[-2.28, -3.32, 5.72]","[-4.23, 21.91, -31.84]","[1.43, 1.34, 1.53]",SEPA Stage 1: 从高点回调 ≥20%; MA200 走平; 成交量萎缩; 价格波动收窄,-1.13,0.42,10.93,-15.62
002562,兄弟科技,C 制造业,深圳主板,True,纯筑底股,2026-06-18,4.64,5.42,6.26,6.42,8.2,4.2,10.48,-43.41,-12.62,-23.81,77671516.0,16668098.0,89.0,"{'corrected_25pct': True, 'ma200_flattening': True, 'near_ma200': False, 'volume_contracting': True, 'tight_range': True, 'near_low': True, 'not_in_stage2': True}",{'reason': '非上升趋势，无标准杯柄'},{'reason': '不满足SEPA上升趋势前提'},True,8,False,False,False,0,{'stage2_core_count': 0},0,48.64,中报,2026-08-31,"[4.84, 4.95, 7.4]","[211.75, 133.02, 68.47]","[3.72, 2.63, 3.57]",SEPA Stage 1: 从高点回调 ≥20%; MA200 走平; 成交量萎缩; 价格波动收窄; 业绩加速,-1.64,0.42,17.71,-27.72
002481,双塔食品,C 制造业,深圳主板,True,纯筑底股,2026-06-18,3.96,4.3,4.9,5.11,6.63,3.82,3.66,-40.27,-3.18,-25.0,67913064.0,16886904.0,89.0,"{'corrected_25pct': True, 'ma200_flattening': True, 'near_ma200': False, 'volume_contracting': True, 'tight_range': True, 'near_low': True, 'not_in_stage2': True}",{'reason': '非上升趋势，无标准杯柄'},{'reason': '不满足SEPA上升趋势前提'},True,8,False,False,False,0,{'stage2_core_count': 0},0,142.96,中报,2026-08-31,"[-10.45, -13.37, 10.26]","[-43.57, -65.6, 80.95]","[2.25, 1.5, 2.65]",SEPA Stage 1: 从高点回调 ≥20%; MA200 走平; 成交量萎缩; 价格波动收窄; 业绩加速,-2.51,0.82,12.83,-22.46
002401,中远海科,I 信息技术,深圳主板,True,纯筑底股,2026-06-18,12.99,14.07,15.49,16.07,23.05,12.16,6.83,-43.64,-7.02,-15.21,54059285.0,4135020.0,89.0,"{'corrected_25pct': True, 'ma200_flattening': True, 'near_ma200': False, 'volume_contracting': True, 'tight_range': True, 'near_low': True, 'not_in_stage2': True}",{'reason': '非上升趋势，无标准杯柄'},{'reason': '不满足SEPA上升趋势前提'},True,8,False,False,False,0,{'stage2_core_count': 0},0,139.53,中报,2026-08-31,"[-3.85, 0.51, -21.37]","[-90.14, -73.23, 55.13]","[1.17, 1.92, 2.54]",SEPA Stage 1: 从高点回调 ≥20%; MA200 走平; 成交量萎缩; 价格波动收窄; 业绩加速,-4.57,0.78,17.19,-19.17
002497,雅化集团,C 制造业,深圳主板,True,纯筑底股,2026-06-18,22.18,25.45,24.28,22.01,32.0,10.84,104.61,-30.69,-6.45,2.07,753517049.0,33703261.0,88.97,"{'corrected_25pct': True, 'ma200_flattening': True, 'near_ma200': True, 'volume_contracting': False, 'tight_range': False, 'near_low': False, 'not_in_stage2': True}",{'reason': '杯底位置异常，非有效U型'},"{'vcp_valid': False, 'vcp_status': '构筑中', 'vcp_contractions': 3, 'vcp_tighten': False, 'vcp_vol_shrink': False, 'high_trend_ok': True, 'vcp_tight_range': 34.04, 'vcp_vol_dry_up': np.False_, 'vcp_breakout': False, 'vcp_ranges': [12.38, 24.36, 34.04], 'vcp_vols': [63494175.64, 44427558.71, 46621800.92], 'vcp_resistance': 31.08}",True,15,False,False,False,6,{'stage2_core_count': 6},0,46.5,中报,2026-08-31,"[2.07, 10.72, 84.16]","[286.89, 200.04, 490.78]","[4.47, 6.43, 12.15]",SEPA Stage 1: 从高点回调 ≥20%; MA200 走平; 贴近MA200（+0.8%）; 业绩加速,3.93,0.86,28.62,0.79
002367,康力电梯,C 制造业,深圳主板,True,纯筑底股,2026-06-18,5.44,5.9,6.94,6.92,8.37,5.17,5.22,-35.01,-7.95,-21.84,148440725.0,26895206.0,88.0,"{'corrected_25pct': True, 'ma200_flattening': True, 'near_ma200': False, 'volume_contracting': True, 'tight_range': True, 'near_low': True, 'not_in_stage2': True}",{'reason': '非上升趋势，无标准杯柄'},{'reason': '不满足SEPA上升趋势前提'},False,0,False,False,False,1,{'stage2_core_count': 1},0,13.03,中报,2026-08-31,"[6.68, 8.93, 8.91]","[14.03, -7.22, -45.73]","[10.47, 7.49, 4.74]",SEPA Stage 1: 从高点回调 ≥20%; MA200 走平; 成交量萎缩; 价格波动收窄,-2.35,0.77,19.15,-21.33
002356,赫美集团,F 批发零售,深圳主板,True,纯筑底股,2026-06-18,3.04,3.26,3.76,3.71,4.9,2.88,5.56,-37.96,1.33,-26.57,80253976.0,26083400.0,88.0,"{'corrected_25pct': True, 'ma200_flattening': True, 'near_ma200': False, 'volume_contracting': True, 'tight_range': True, 'near_low': True, 'not_in_stage2': True}",{'reason': '非上升趋势，无标准杯柄'},{'reason': '不满足SEPA上升趋势前提'},False,0,False,False,False,1,{'stage2_core_count': 1},0,80.21,中报,2026-08-31,"[190.21, 43.37, -36.78]",,"[10.9, 6.01, -7.52]",SEPA Stage 1: 从高点回调 ≥20%; MA200 走平; 成交量萎缩; 价格波动收窄,-0.27,0.62,24.31,-18.07
002490,山东墨龙,C 制造业,深圳主板,True,纯筑底股,2026-06-18,7.03,8.85,8.58,8.05,14.52,3.9,80.26,-51.58,-15.1,13.39,291137633.0,41298601.0,86.5,"{'corrected_25pct': True, 'ma200_flattening': True, 'near_ma200': False, 'volume_contracting': True, 'tight_range': False, 'near_low': False, 'not_in_stage2': True}",{'reason': '非上升趋势，无标准杯柄'},{'reason': '不满足SEPA上升趋势前提'},True,13,False,False,False,5,{'stage2_core_count': 5},0,1004.29,中报,2026-08-31,"[18.87, 29.88, 128.53]","[-92.94, -91.94, 4.39]","[0.44, 0.28, 0.84]",SEPA Stage 1: 从高点回调 ≥20%; MA200 走平; 成交量萎缩; 业绩加速,2.41,0.63,32.61,-12.7
002389,航天彩虹,C 制造业,深圳主板,True,纯筑底股,2026-06-18,18.61,20.81,22.62,22.63,29.76,17.84,4.32,-37.47,-9.48,-24.23,278521695.0,14861782.0,86.5,"{'corrected_25pct': True, 'ma200_flattening': True, 'near_ma200': False, 'volume_contracting': True, 'tight_range': True, 'near_low': True, 'not_in_stage2': True}",{'reason': '非上升趋势，无标准杯柄'},{'reason': '不满足SEPA上升趋势前提'},False,3,False,False,False,0,{'stage2_core_count': 0},0,183.89,中报,2026-08-31,"[18.02, 14.16, 18.48]","[-101.87, 26.09, -73.26]","[0.35, 0.86, 26.7]",SEPA Stage 1: 从高点回调 ≥20%; MA200 走平; 成交量萎缩; 价格波动收窄,-2.83,0.42,20.12,-17.76
002366,融发核电,C 制造业,深圳主板,True,纯筑底股,2026-06-18,5.95,7.01,7.51,7.63,10.18,5.92,0.51,-41.55,-16.08,-17.25,205659997.0,34350009.0,86.5,"{'corrected_25pct': True, 'ma200_flattening': True, 'near_ma200': False, 'volume_contracting': True, 'tight_range': True, 'near_low': True, 'not_in_stage2': True}",{'reason': '非上升趋势，无标准杯柄'},{'reason': '不满足SEPA上升趋势前提'},False,3,False,False,False,0,{'stage2_core_count': 0},0,1144.23,中报,2026-08-31,"[5.49, -10.03, 38.26]","[-114.49, 649.77]","[-13.03, -10.93, 5.1]",SEPA Stage 1: 从高点回调 ≥20%; MA200 走平; 成交量萎缩; 价格波动收窄,-2.24,0.53,22.47,-21.99
002419,天虹股份,F 批发零售,深圳主板,True,纯筑底股,2026-06-18,4.6,5.16,5.44,5.47,6.22,4.37,5.26,-26.05,-6.31,-17.86,140306147.0,30339450.0,86.5,"{'corrected_25pct': True, 'ma200_flattening': True, 'near_ma200': False, 'volume_contracting': True, 'tight_range': True, 'near_low': True, 'not_in_stage2': True}",{'reason': '非上升趋势，无标准杯柄'},{'reason': '不满足SEPA上升趋势前提'},False,3,False,False,False,0,{'stage2_core_count': 0},0,36.31,中报,2026-08-31,"[-1.86, -1.92, -2.93]","[-47.32, 8.2, -2.11]","[0.71, 0.72, 4.67]",SEPA Stage 1: 从高点回调 ≥20%; MA200 走平; 成交量萎缩; 价格波动收窄,-1.75,0.45,14.65,-15.91
002437,誉衡药业,C 制造业,深圳主板,True,纯筑底股,2026-06-18,2.58,3.24,3.28,3.3,4.08,2.53,1.98,-36.76,-15.69,-15.41,126819744.0,49094955.0,86.5,"{'corrected_25pct': True, 'ma200_flattening': True, 'near_ma200': False, 'volume_contracting': True, 'tight_range': True, 'near_low': True, 'not_in_stage2': True}",{'reason': '非上升趋势，无标准杯柄'},{'reason': '不满足SEPA上升趋势前提'},False,3,False,False,False,0,{'stage2_core_count': 0},0,15.06,中报,2026-08-31,"[-10.36, -12.51, -2.2]","[29.27, 57.65, 56.09]","[14.89, 17.91, 17.93]",SEPA Stage 1: 从高点回调 ≥20%; MA200 走平; 成交量萎缩; 价格波动收窄,-2.26,0.53,23.32,-21.83
002511,中顺洁柔,C 制造业,深圳主板,True,纯筑底股,2026-06-18,6.83,7.84,8.16,8.21,9.2,6.41,6.55,-25.76,-7.58,-14.52,81177305.0,11839863.0,86.5,"{'corrected_25pct': True, 'ma200_flattening': True, 'near_ma200': False, 'volume_contracting': True, 'tight_range': True, 'near_low': True, 'not_in_stage2': True}",{'reason': '非上升趋势，无标准杯柄'},{'reason': '不满足SEPA上升趋势前提'},False,3,False,False,False,0,{'stage2_core_count': 0},0,27.78,中报,2026-08-31,"[8.78, 7.72, 6.29]","[341.92, 315.87, 53.93]","[3.58, 3.6, 4.72]",SEPA Stage 1: 从高点回调 ≥20%; MA200 走平; 成交量萎缩; 价格波动收窄,-0.86,0.63,13.3,-16.77
002390,信邦制药,F 批发零售,深圳主板,True,纯筑底股,2026-06-18,2.76,3.09,3.3,3.38,4.07,2.75,0.36,-32.19,-9.8,-12.1,48746698.0,17522471.0,86.5,"{'corrected_25pct': True, 'ma200_flattening': True, 'near_ma200': False, 'volume_contracting': True, 'tight_range': True, 'near_low': True, 'not_in_stage2': True}",{'reason': '非上升趋势，无标准杯柄'},{'reason': '不满足SEPA上升趋势前提'},False,3,False,False,False,0,{'stage2_core_count': 0},0,26.72,中报,2026-08-31,"[-6.55, -6.84, -12.34]","[-13.73, 23.19, 19.86]","[4.71, 3.41, 5.11]",SEPA Stage 1: 从高点回调 ≥20%; MA200 走平; 成交量萎缩; 价格波动收窄,-2.01,0.62,12.73,-18.31
002561,徐家汇,F 批发零售,深圳主板,True,纯筑底股,2026-06-18,6.68,7.63,8.43,8.57,10.3,6.61,1.06,-35.15,-8.87,-25.03,22552591.0,3367100.0,86.5,"{'corrected_25pct': True, 'ma200_flattening': True, 'near_ma200': False, 'volume_contracting': True, 'tight_range': True, 'near_low': True, 'not_in_stage2': True}",{'reason': '非上升趋势，无标准杯柄'},{'reason': '不满足SEPA上升趋势前提'},False,3,False,False,False,0,{'stage2_core_count': 0},0,710.64,中报,2026-08-31,"[-16.92, -16.63, -10.9]","[-6.51, -162.35, -82.0]","[1.42, -2.1, 1.71]",SEPA Stage 1: 从高点回调 ≥20%; MA200 走平; 成交量萎缩; 价格波动收窄,-1.79,0.48,14.98,-22.09
002543,万和电气,C 制造业,深圳主板,True,纯筑底股,2026-06-18,6.51,7.65,8.98,9.64,13.68,6.48,0.46,-52.41,-13.77,-31.55,20748174.0,3174412.0,86.5,"{'corrected_25pct': True, 'ma200_flattening': True, 'near_ma200': False, 'volume_contracting': True, 'tight_range': True, 'near_low': True, 'not_in_stage2': True}",{'reason': '非上升趋势，无标准杯柄'},{'reason': '不满足SEPA上升趋势前提'},False,3,False,False,False,0,{'stage2_core_count': 0},0,10.1,中报,2026-08-31,"[5.54, -1.54, -5.4]","[5.57, -67.21, -55.6]","[8.67, 2.98, 3.67]",SEPA Stage 1: 从高点回调 ≥20%; MA200 走平; 成交量萎缩; 价格波动收窄,-4.78,0.48,18.36,-32.5
002459,晶澳科技,C 制造业,深圳主板,True,纯筑底股,2026-06-18,8.33,10.01,11.43,11.85,15.54,7.92,5.18,-46.4,-13.86,-23.44,414730673.0,49643635.0,85.0,"{'corrected_25pct': True, 'ma200_flattening': True, 'near_ma200': False, 'volume_contracting': True, 'tight_range': True, 'near_low': True, 'not_in_stage2': True}",{'reason': '非上升趋势，无标准杯柄'},{'reason': '不满足SEPA上升趋势前提'},False,0,False,False,False,0,{'stage2_core_count': 0},0,,中报,2026-08-31,"[-32.27, -29.94, -13.65]",[-170.84],"[-9.82, -9.52, -11.66]",SEPA Stage 1: 从高点回调 ≥20%; MA200 走平; 成交量萎缩; 价格波动收窄,-2.08,0.75,24.75,-29.71
002373,千方科技,I 信息技术,深圳主板,True,纯筑底股,2026-06-18,7.76,8.7,10.45,10.61,13.77,7.19,7.93,-43.65,-8.38,-26.86,301844984.0,38409692.0,85.0,"{'corrected_25pct': True, 'ma200_flattening': True, 'near_ma200': False, 'volume_contracting': True, 'tight_range': True, 'near_low': True, 'not_in_stage2': True}",{'reason': '非上升趋势，无标准杯柄'},{'reason': '不满足SEPA上升趋势前提'},False,0,False,False,False,0,{'stage2_core_count': 0},0,42.13,中报,2026-08-31,"[-2.82, 13.35, -18.38]","[4691.14, 6238.2, -99.57]","[3.4, 3.54, 0.07]",SEPA Stage 1: 从高点回调 ≥20%; MA200 走平; 成交量萎缩; 价格波动收窄,-3.0,0.64,20.86,-26.85
002410,广联达,I 信息技术,深圳主板,True,纯筑底股,2026-06-18,8.78,10.33,11.97,12.45,16.03,8.66,1.39,-45.23,-12.81,-26.83,207887597.0,23622199.0,85.0,"{'corrected_25pct': True, 'ma200_flattening': True, 'near_ma200': False, 'volume_contracting': True, 'tight_range': True, 'near_low': True, 'not_in_stage2': True}",{'reason': '非上升趋势，无标准杯柄'},{'reason': '不满足SEPA上升趋势前提'},False,0,False,False,False,0,{'stage2_core_count': 0},0,32.87,中报,2026-08-31,"[-2.22, -2.17, -5.17]","[48.49, 63.06, 13.75]","[7.97, 7.27, 4.0]",SEPA Stage 1: 从高点回调 ≥20%; MA200 走平; 成交量萎缩; 价格波动收窄,-2.86,0.84,20.67,-29.48
002385,大北农,C 制造业,深圳主板,True,纯筑底股,2026-06-18,2.89,3.61,3.93,3.98,4.76,2.88,0.35,-39.29,-16.47,-27.2,201455600.0,69423280.0,85.0,"{'corrected_25pct': True, 'ma200_flattening': True, 'near_ma200': False, 'volume_contracting': True, 'tight_range': True, 'near_low': True, 'not_in_stage2': True}",{'reason': '非上升趋势，无标准杯柄'},{'reason': '不满足SEPA上升趋势前提'},False,0,False,False,False,0,{'stage2_core_count': 0},0,28.9,中报,2026-08-31,"[2.99, 1.22, 4.74]","[70.1, -168.21, -196.82]","[2.07, -1.68, -2.85]",SEPA Stage 1: 从高点回调 ≥20%; MA200 走平; 成交量萎缩; 价格波动收窄,-2.29,0.61,21.88,-27.45
002469,三维化学,C 制造业,深圳主板,True,纯筑底股,2026-06-18,6.43,7.11,8.08,8.21,10.43,6.22,3.38,-38.35,-2.72,-19.22,118793014.0,18218900.0,85.0,"{'corrected_25pct': True, 'ma200_flattening': True, 'near_ma200': False, 'volume_contracting': True, 'tight_range': True, 'near_low': True, 'not_in_stage2': True}",{'reason': '非上升趋势，无标准杯柄'},{'reason': '不满足SEPA上升趋势前提'},False,0,False,False,False,0,{'stage2_core_count': 0},0,23.61,中报,2026-08-31,"[14.63, 1.66, -15.34]","[-0.53, -32.97, -109.08]","[7.67, 6.8, -0.99]",SEPA Stage 1: 从高点回调 ≥20%; MA200 走平; 成交量萎缩; 价格波动收窄,-2.06,0.75,19.29,-21.66
002537,海联金汇,C 制造业,深圳主板,True,纯筑底股,2026-06-18,5.8,6.99,8.07,8.4,12.27,5.67,2.29,-52.73,-14.58,-31.92,117114374.0,20087199.0,85.0,"{'corrected_25pct': True, 'ma200_flattening': True, 'near_ma200': False, 'volume_contracting': True, 'tight_range': True, 'near_low': True, 'not_in_stage2': True}",{'reason': '非上升趋势，无标准杯柄'},{'reason': '不满足SEPA上升趋势前提'},False,0,False,False,False,0,{'stage2_core_count': 0},0,22.81,中报,2026-08-31,"[-13.24, -8.05, -20.09]","[364.45, 762.31, 3.47]","[3.9, 4.34, 3.92]",SEPA Stage 1: 从高点回调 ≥20%; MA200 走平; 成交量萎缩; 价格波动收窄,-4.17,0.38,21.34,-30.97
002423,中粮资本,J 金融业,深圳主板,True,纯筑底股,2026-06-18,8.81,9.68,10.88,11.48,15.3,8.55,3.04,-42.42,-5.57,-23.52,98744722.0,11105940.0,85.0,"{'corrected_25pct': True, 'ma200_flattening': True, 'near_ma200': False, 'volume_contracting': True, 'tight_range': True, 'near_low': True, 'not_in_stage2': True}",{'reason': '非上升趋势，无标准杯柄'},{'reason': '不满足SEPA上升趋势前提'},False,0,False,False,False,0,{'stage2_core_count': 0},0,11.44,中报,2026-08-31,"[-81.01, -63.91, -27.51]","[-21.72, -4.45, -40.7]","[723.66, 880.65, 724.64]",SEPA Stage 1: 从高点回调 ≥20%; MA200 走平; 成交量萎缩; 价格波动收窄,-2.98,0.72,9.94,-23.28
002530,金财互联,C 制造业,深圳主板,True,纯筑底股,2026-06-18,7.22,8.47,9.54,9.99,13.46,7.18,0.56,-46.36,-13.33,-25.72,97537112.0,13389409.0,85.0,"{'corrected_25pct': True, 'ma200_flattening': True, 'near_ma200': False, 'volume_contracting': True, 'tight_range': True, 'near_low': True, 'not_in_stage2': True}",{'reason': '非上升趋势，无标准杯柄'},{'reason': '不满足SEPA上升趋势前提'},False,0,False,False,False,0,{'stage2_core_count': 0},0,58.32,中报,2026-08-31,"[-17.32, -17.38, 25.33]","[408.73, 739.44, 19.1]","[10.28, 9.22, 8.22]",SEPA Stage 1: 从高点回调 ≥20%; MA200 走平; 成交量萎缩; 价格波动收窄,-2.35,0.75,18.94,-27.73
002427,尤夫股份,C 制造业,深圳主板,True,纯筑底股,2026-06-18,4.24,5.43,6.42,6.61,10.88,4.22,0.47,-61.03,-12.58,-30.49,54504866.0,12746495.0,85.0,"{'corrected_25pct': True, 'ma200_flattening': True, 'near_ma200': False, 'volume_contracting': True, 'tight_range': True, 'near_low': True, 'not_in_stage2': True}",{'reason': '非上升趋势，无标准杯柄'},{'reason': '不满足SEPA上升趋势前提'},False,0,False,False,False,0,{'stage2_core_count': 0},0,109.56,中报,2026-08-31,"[1.82, -2.04, -17.69]",[-473.4],"[1.11, 1.7, -4.16]",SEPA Stage 1: 从高点回调 ≥20%; MA200 走平; 成交量萎缩; 价格波动收窄,-4.48,0.43,18.48,-35.84
002567,唐人神,C 制造业,深圳主板,True,纯筑底股,2026-06-18,3.23,3.9,4.26,4.41,5.22,3.22,0.31,-38.12,-17.81,-25.58,50834447.0,15579201.0,85.0,"{'corrected_25pct': True, 'ma200_flattening': True, 'near_ma200': False, 'volume_contracting': True, 'tight_range': True, 'near_low': True, 'not_in_stage2': True}",{'reason': '非上升趋势，无标准杯柄'},{'reason': '不满足SEPA上升趋势前提'},False,0,False,False,False,0,{'stage2_core_count': 0},0,,中报,2026-08-31,"[8.87, -0.52, -9.96]","[-270.59, -568.75]","[-1.95, -4.95, -11.83]",SEPA Stage 1: 从高点回调 ≥20%; MA200 走平; 成交量萎缩; 价格波动收窄,-3.0,0.64,22.98,-26.71
002343,慈文传媒,R 文化传播,深圳主板,True,纯筑底股,2026-06-18,4.74,5.76,6.86,7.19,9.88,4.6,3.04,-52.02,-13.35,-34.35,44634000.0,9462253.0,85.0,"{'corrected_25pct': True, 'ma200_flattening': True, 'near_ma200': False, 'volume_contracting': True, 'tight_range': True, 'near_low': True, 'not_in_stage2': True}",{'reason': '非上升趋势，无标准杯柄'},{'reason': '不满足SEPA上升趋势前提'},False,0,False,False,False,0,{'stage2_core_count': 0},0,,中报,2026-08-31,"[266.36, 8.69, -98.69]","[-342.69, -155.71, -755.6]","[-14.31, -4.65, -534.21]",SEPA Stage 1: 从高点回调 ≥20%; MA200 走平; 成交量萎缩; 价格波动收窄,-4.0,0.8,21.96,-34.04
002393,力生制药,C 制造业,深圳主板,True,纯筑底股,2026-06-18,14.15,16.29,17.07,17.55,23.01,13.78,2.69,-38.5,-5.98,-11.17,23150187.0,1634589.0,85.0,"{'corrected_25pct': True, 'ma200_flattening': True, 'near_ma200': False, 'volume_contracting': True, 'tight_range': True, 'near_low': True, 'not_in_stage2': True}",{'reason': '非上升趋势，无标准杯柄'},{'reason': '不满足SEPA上升趋势前提'},False,0,False,False,False,0,{'stage2_core_count': 0},0,8.62,中报,2026-08-31,"[-1.61, 4.18, -10.16]","[122.35, 127.32, -6.2]","[37.16, 30.37, 15.97]",SEPA Stage 1: 从高点回调 ≥20%; MA200 走平; 成交量萎缩; 价格波动收窄,-2.72,0.45,11.03,-19.38
002465,海格通信,C 制造业,深圳主板,True,纯筑底股,2026-06-18,13.68,15.63,15.52,14.88,26.52,11.19,22.25,-48.42,-15.4,4.99,1187090021.0,86574000.0,84.88,"{'corrected_25pct': True, 'ma200_flattening': True, 'near_ma200': False, 'volume_contracting': True, 'tight_range': False, 'near_low': True, 'not_in_stage2': True}",{'reason': '非上升趋势，无标准杯柄'},{'reason': '不满足SEPA上升趋势前提'},True,8,False,False,False,4,{'stage2_core_count': 4},0,19542.86,中报,2026-08-31,"[-16.17, -10.81, 1.84]","[-176.34, -825.66, -96.32]","[-5.25, -17.68, 0.16]",SEPA Stage 1: 从高点回调 ≥20%; MA200 走平; 成交量萎缩; 业绩加速,1.22,0.84,38.37,-8.06
002387,维信诺,C 制造业,深圳主板,True,纯筑底股,2026-06-18,8.3,8.29,8.59,8.82,11.28,7.52,10.37,-26.42,-3.94,-1.66,310950238.0,37057550.0,84.5,"{'corrected_25pct': True, 'ma200_flattening': True, 'near_ma200': True, 'volume_contracting': False, 'tight_range': True, 'near_low': True, 'not_in_stage2': True}",{'reason': '非上升趋势，无标准杯柄'},{'reason': '不满足SEPA上升趋势前提'},False,3,False,False,False,1,{'stage2_core_count': 1},0,,中报,2026-08-31,"[3.5, 2.72, 3.14]",,"[-31.76, -35.3, -28.17]",SEPA Stage 1: 从高点回调 ≥20%; MA200 走平; 贴近MA200（-5.9%）; 价格波动收窄,-1.12,2.31,17.51,-5.89
002531,天顺风能,C 制造业,深圳主板,True,纯筑底股,2026-06-18,9.07,11.23,9.35,8.92,13.4,6.46,40.4,-32.31,-19.23,37.42,294493512.0,32174860.0,82.2,"{'corrected_25pct': True, 'ma200_flattening': True, 'near_ma200': True, 'volume_contracting': False, 'tight_range': False, 'near_low': True, 'not_in_stage2': True}",{'reason': '杯底位置异常，非有效U型'},"{'vcp_valid': False, 'vcp_status': '构筑中', 'vcp_contractions': 2, 'vcp_tighten': False, 'vcp_vol_shrink': True, 'high_trend_ok': True, 'vcp_tight_range': 30.5, 'vcp_vol_dry_up': np.False_, 'vcp_breakout': False, 'vcp_ranges': [12.32, 30.5], 'vcp_vols': [90589183.27, 53622401.08], 'vcp_resistance': 13.05}",False,3,False,False,False,6,{'stage2_core_count': 6},0,113.52,中报,2026-08-31,"[4.55, 10.85, -29.01]","[-50.72, -164.85, -12.66]","[3.86, -2.45, 9.24]",SEPA Stage 1: 从高点回调 ≥20%; MA200 走平; 贴近MA200（+1.7%）,4.28,0.89,45.34,1.67
002506,协鑫集成,C 制造业,深圳主板,True,纯筑底股,2026-06-18,3.07,4.02,3.81,3.5,6.36,2.19,40.18,-51.73,-18.35,18.53,919958189.0,298030037.0,80.0,"{'corrected_25pct': True, 'ma200_flattening': True, 'near_ma200': False, 'volume_contracting': True, 'tight_range': False, 'near_low': True, 'not_in_stage2': True}",{'reason': '非上升趋势，无标准杯柄'},{'reason': '不满足SEPA上升趋势前提'},False,0,False,False,False,5,{'stage2_core_count': 5},0,,中报,2026-08-31,"[-2.48, -5.52, -38.74]","[-860.69, -780.74, -1812.22]","[-4.75, -7.6, -9.67]",SEPA Stage 1: 从高点回调 ≥20%; MA200 走平; 成交量萎缩,2.29,0.39,28.2,-12.38
002342,巨力索具,C 制造业,深圳主板,True,纯筑底股,2026-06-18,9.97,15.43,12.64,11.5,23.99,5.31,87.76,-58.44,-21.99,42.23,604865626.0,60076903.0,80.0,"{'corrected_25pct': True, 'ma200_flattening': True, 'near_ma200': False, 'volume_contracting': True, 'tight_range': False, 'near_low': False, 'not_in_stage2': True}",{'reason': '非上升趋势，无标准杯柄'},{'reason': '不满足SEPA上升趋势前提'},False,0,False,False,False,5,{'stage2_core_count': 5},0,547.8,中报,2026-08-31,"[13.2, 16.08, 14.67]","[63.3, 137.21, -38.0]","[0.63, 0.68, 0.66]",SEPA Stage 1: 从高点回调 ≥20%; MA200 走平; 成交量萎缩,3.23,0.63,37.27,-13.29
002449,国星光电,C 制造业,深圳主板,True,纯筑底股,2026-06-18,7.98,8.16,8.45,8.65,10.68,7.26,9.92,-25.28,-5.34,-3.16,283584670.0,36070701.0,80.0,"{'corrected_25pct': True, 'ma200_flattening': True, 'near_ma200': True, 'volume_contracting': False, 'tight_range': True, 'near_low': True, 'not_in_stage2': True}",{'reason': '非上升趋势，无标准杯柄'},{'reason': '不满足SEPA上升趋势前提'},False,0,False,False,False,0,{'stage2_core_count': 0},0,158.65,中报,2026-08-31,"[-7.01, -5.51, -19.66]","[-55.27, -123.92, -302.07]","[1.24, -0.4, -5.47]",SEPA Stage 1: 从高点回调 ≥20%; MA200 走平; 贴近MA200（-7.7%）; 价格波动收窄,-1.36,1.84,24.93,-7.71
002404,嘉欣丝绸,C 制造业,深圳主板,True,纯筑底股,2026-06-18,6.16,6.7,6.74,6.6,8.04,5.72,7.69,-23.38,-5.08,-6.81,329600703.0,52341000.0,79.5,"{'corrected_25pct': True, 'ma200_flattening': True, 'near_ma200': True, 'volume_contracting': False, 'tight_range': False, 'near_low': True, 'not_in_stage2': True}",{'reason': '非上升趋势，无标准杯柄'},{'reason': '不满足SEPA上升趋势前提'},True,15,False,False,False,4,{'stage2_core_count': 4},0,17.83,中报,2026-08-31,"[0.78, 4.07, 7.91]","[-0.88, 10.48, 11.34]","[4.43, 4.08, 4.45]",SEPA Stage 1: 从高点回调 ≥20%; MA200 走平; 贴近MA200（-6.6%）; 业绩加速,0.4,2.46,29.31,-6.63
002388,新亚制程,C 制造业,深圳主板,True,纯筑底股,2026-06-18,5.47,5.34,5.64,5.54,6.99,4.1,33.41,-21.75,7.05,-4.37,149387591.0,27419802.0,79.0,"{'corrected_25pct': True, 'ma200_flattening': True, 'near_ma200': True, 'volume_contracting': False, 'tight_range': False, 'near_low': True, 'not_in_stage2': True}",{'reason': '非上升趋势，无标准杯柄'},{'reason': '不满足SEPA上升趋势前提'},True,8,False,False,False,5,{'stage2_core_count': 5},0,163.28,中报,2026-08-31,"[-12.66, -12.09, 17.9]","[465.68, 817.11]","[-1.82, -2.45, 3.79]",SEPA Stage 1: 从高点回调 ≥20%; MA200 走平; 贴近MA200（-1.3%）; 业绩加速,1.91,2.79,40.93,-1.3
002455,百川股份,C 制造业,深圳主板,True,纯筑底股,2026-06-18,7.73,10.02,9.79,9.11,17.15,6.51,18.74,-54.93,-19.56,17.12,291600625.0,37431315.0,78.5,"{'corrected_25pct': True, 'ma200_flattening': True, 'near_ma200': False, 'volume_contracting': True, 'tight_range': False, 'near_low': True, 'not_in_stage2': True}",{'reason': '非上升趋势，无标准杯柄'},{'reason': '不满足SEPA上升趋势前提'},False,3,False,False,False,4,{'stage2_core_count': 4},0,2665.52,中报,2026-08-31,"[9.4, 3.78, 0.38]","[-393.12, 50.86]","[-2.8, -5.01, 0.14]",SEPA Stage 1: 从高点回调 ≥20%; MA200 走平; 成交量萎缩,1.67,0.45,27.06,-15.12
002460,赣锋锂业,C 制造业,深圳主板,True,纯筑底股,2026-06-18,69.36,77.88,71.13,66.74,91.67,30.15,130.05,-24.34,-7.93,15.6,4382565824.0,62665923.0,78.19,"{'corrected_25pct': True, 'ma200_flattening': False, 'near_ma200': True, 'volume_contracting': False, 'tight_range': False, 'near_low': False, 'not_in_stage2': True}",{'reason': '杯底位置异常，非有效U型'},"{'vcp_valid': False, 'vcp_status': '构筑中', 'vcp_contractions': 4, 'vcp_tighten': False, 'vcp_vol_shrink': False, 'high_trend_ok': True, 'vcp_tight_range': 31.37, 'vcp_vol_dry_up': np.False_, 'vcp_breakout': False, 'vcp_ranges': [15.4, 13.21, 9.52, 31.37], 'vcp_vols': [59838195.43, 42004242.73, 81642196.0, 55702391.29], 'vcp_resistance': 91.45}",True,8,False,False,False,7,"{'stage2_core_count': 7, 'is_base_transition': np.False_, 'is_high_quality_transition': np.False_, 'ma200_turning_up': False, 'volume_turning_up': np.False_, 'pattern_ready': False, 'financial_ready': True, 'rps_120_ready': True, 'tech_signal_count': np.int64(0)}",0,75.66,中报,2026-08-31,"[5.02, 22.08, 143.81]",[-157.49],"[-2.84, 5.47, 20.9]",SEPA Stage 1: 从高点回调 ≥20%; 贴近MA200（+3.9%）; 业绩加速,5.14,0.86,25.86,3.93
002382,蓝帆医疗,C 制造业,深圳主板,True,纯筑底股,2026-06-18,5.6,6.87,6.4,6.26,8.91,5.18,8.11,-37.15,-15.02,0.54,109937092.0,19855840.0,78.0,"{'corrected_25pct': True, 'ma200_flattening': True, 'near_ma200': False, 'volume_contracting': True, 'tight_range': False, 'near_low': True, 'not_in_stage2': True}",{'reason': '非上升趋势，无标准杯柄'},{'reason': '不满足SEPA上升趋势前提'},True,8,False,False,False,3,{'stage2_core_count': 3},0,165.68,中报,2026-08-31,"[-10.15, -8.21, 9.94]",[-58.81],"[-7.24, -13.91, 2.09]",SEPA Stage 1: 从高点回调 ≥20%; MA200 走平; 成交量萎缩; 业绩加速,-0.32,0.6,33.96,-10.48
002346,柘中股份,C 制造业,深圳主板,True,纯筑底股,2026-06-18,18.43,19.09,19.35,18.74,23.74,12.92,42.65,-22.37,-9.43,3.25,132455920.0,7149400.0,77.5,"{'corrected_25pct': True, 'ma200_flattening': True, 'near_ma200': True, 'volume_contracting': False, 'tight_range': False, 'near_low': True, 'not_in_stage2': True}",{'reason': '非上升趋势，无标准杯柄'},{'reason': '不满足SEPA上升趋势前提'},False,5,False,False,False,5,{'stage2_core_count': 5},0,19.13,中报,2026-08-31,"[-17.27, -12.59, 15.57]","[-75.39, 481.54, -99.54]","[58.93, 50.19, 0.35]",SEPA Stage 1: 从高点回调 ≥20%; MA200 走平; 贴近MA200（-1.7%）,1.97,1.14,44.13,-1.66
002418,康盛股份,C 制造业,深圳主板,True,纯筑底股,2026-06-18,4.24,5.41,5.04,4.92,7.12,3.27,29.66,-40.45,-21.48,-3.64,193779871.0,45448400.0,77.0,"{'corrected_25pct': True, 'ma200_flattening': True, 'near_ma200': False, 'volume_contracting': True, 'tight_range': False, 'near_low': True, 'not_in_stage2': True}",{'reason': '非上升趋势，无标准杯柄'},{'reason': '不满足SEPA上升趋势前提'},False,0,False,False,False,4,{'stage2_core_count': 4},0,186.78,中报,2026-08-31,"[12.43, 8.19, -12.53]","[368.63, 267.08, -85.6]","[0.42, 0.91, 0.25]",SEPA Stage 1: 从高点回调 ≥20%; MA200 走平; 成交量萎缩,1.42,0.6,37.56,-13.81
002546,新联电子,C 制造业,深圳主板,True,纯筑底股,2026-06-18,6.7,8.03,8.17,7.67,12.23,5.07,32.15,-45.22,-14.1,1.52,80150348.0,11904300.0,77.0,"{'corrected_25pct': True, 'ma200_flattening': True, 'near_ma200': False, 'volume_contracting': True, 'tight_range': False, 'near_low': True, 'not_in_stage2': True}",{'reason': '非上升趋势，无标准杯柄'},{'reason': '不满足SEPA上升趋势前提'},False,0,False,False,False,4,{'stage2_core_count': 4},0,9.66,中报,2026-08-31,"[-0.37, -10.23, 11.1]","[427.26, 118.48, -14.75]","[97.35, 84.08, 46.42]",SEPA Stage 1: 从高点回调 ≥20%; MA200 走平; 成交量萎缩,1.76,0.27,25.31,-12.63
002444,巨星科技,C 制造业,深圳主板,True,纯筑底股,2026-06-18,29.58,32.01,33.02,32.5,38.66,22.61,30.83,-23.49,-7.65,-15.99,378216063.0,12783396.0,76.39,"{'corrected_25pct': True, 'ma200_flattening': True, 'near_ma200': False, 'volume_contracting': False, 'tight_range': True, 'near_low': True, 'not_in_stage2': True}",{'reason': '非上升趋势，无标准杯柄'},{'reason': '不满足SEPA上升趋势前提'},False,7,False,False,False,3,{'stage2_core_count': 3},0,13.77,中报,2026-08-31,"[0.65, -0.87, 3.18]","[11.77, 8.5, 8.71]","[19.82, 17.5, 13.9]",SEPA Stage 1: 从高点回调 ≥20%; MA200 走平; 价格波动收窄,-0.2,0.92,16.42,-9.0
002488,金固股份,C 制造业,深圳主板,True,纯筑底股,2026-06-18,9.45,11.29,10.93,11.2,15.22,7.69,22.89,-37.91,-17.32,17.1,180348234.0,18966253.0,76.0,"{'corrected_25pct': True, 'ma200_flattening': True, 'near_ma200': False, 'volume_contracting': True, 'tight_range': False, 'near_low': True, 'not_in_stage2': True}",{'reason': '非上升趋势，无标准杯柄'},{'reason': '不满足SEPA上升趋势前提'},True,10,False,False,False,2,{'stage2_core_count': 2},0,95.45,中报,2026-08-31,"[6.91, 14.02, 8.78]","[131.44, 327.33, 412.01]","[2.47, 2.57, 4.06]",SEPA Stage 1: 从高点回调 ≥20%; MA200 走平; 成交量萎缩; 业绩加速,-2.87,0.58,25.56,-15.65
002498,汉缆股份,C 制造业,深圳主板,True,纯筑底股,2026-06-18,7.43,8.52,6.59,5.85,11.64,3.21,131.46,-36.17,-14.7,91.49,471356989.0,63367712.0,75.87,"{'corrected_25pct': True, 'ma200_flattening': False, 'near_ma200': False, 'volume_contracting': True, 'tight_range': False, 'near_low': False, 'not_in_stage2': True}",{'reason': '杯底位置异常，非有效U型'},"{'vcp_valid': False, 'vcp_status': '构筑中', 'vcp_contractions': 2, 'vcp_tighten': False, 'vcp_vol_shrink': True, 'high_trend_ok': True, 'vcp_tight_range': 34.16, 'vcp_vol_dry_up': np.False_, 'vcp_breakout': False, 'vcp_ranges': [26.94, 34.16], 'vcp_vols': [264829530.41, 153696971.77], 'vcp_resistance': 10.95}",True,13,False,False,False,7,"{'stage2_core_count': 7, 'is_base_transition': np.False_, 'is_high_quality_transition': np.False_, 'ma200_turning_up': False, 'volume_turning_up': np.False_, 'pattern_ready': False, 'financial_ready': True, 'rps_120_ready': True, 'tech_signal_count': np.int64(0)}",0,45.11,中报,2026-08-31,"[9.68, 12.39, 39.37]","[-18.09, -14.59, 12.58]","[6.51, 5.27, 6.24]",SEPA Stage 1: 从高点回调 ≥20%; 成交量萎缩; 业绩加速,8.32,0.48,36.67,27.07
002550,千红制药,C 制造业,深圳主板,True,纯筑底股,2026-06-18,5.85,6.72,7.47,7.95,12.45,5.69,2.81,-53.01,-7.44,-23.83,70465702.0,12076460.0,74.07,"{'corrected_25pct': True, 'ma200_flattening': False, 'near_ma200': False, 'volume_contracting': True, 'tight_range': True, 'near_low': True, 'not_in_stage2': True}",{'reason': '非上升趋势，无标准杯柄'},{'reason': '不满足SEPA上升趋势前提'},False,0,False,False,False,0,{'stage2_core_count': 0},0,20.05,中报,2026-08-31,"[0.61, 2.95, -20.58]","[23.29, 12.03, -46.39]","[30.3, 23.75, 23.6]",SEPA Stage 1: 从高点回调 ≥20%; 成交量萎缩; 价格波动收窄,-5.47,0.61,13.71,-26.42
002533,金杯电工,C 制造业,深圳主板,True,纯筑底股,2026-06-18,11.24,12.75,12.93,12.59,16.07,8.96,25.45,-30.06,-14.85,-5.39,107746893.0,9514565.0,74.0,"{'corrected_25pct': True, 'ma200_flattening': True, 'near_ma200': False, 'volume_contracting': True, 'tight_range': False, 'near_low': True, 'not_in_stage2': True}",{'reason': '非上升趋势，无标准杯柄'},{'reason': '不满足SEPA上升趋势前提'},False,0,False,False,False,3,{'stage2_core_count': 3},0,11.84,中报,2026-08-31,"[15.92, 15.01, 22.04]","[11.84, 9.3, 4.06]","[3.63, 3.43, 3.13]",SEPA Stage 1: 从高点回调 ≥20%; MA200 走平; 成交量萎缩,1.22,0.54,29.48,-10.75
002402,和而泰,C 制造业,深圳主板,True,纯筑底股,2026-06-18,24.78,29.51,35.96,38.12,60.31,17.96,37.97,-58.91,-17.67,-34.53,554040098.0,22271156.0,72.5,"{'corrected_25pct': True, 'ma200_flattening': True, 'near_ma200': False, 'volume_contracting': True, 'tight_range': False, 'near_low': True, 'not_in_stage2': True}",{'reason': '非上升趋势，无标准杯柄'},{'reason': '不满足SEPA上升趋势前提'},False,3,False,False,False,2,{'stage2_core_count': 2},0,32.09,中报,2026-08-31,"[17.47, 11.0, 8.88]","[97.45, 113.87, 5.55]","[7.77, 6.66, 6.81]",SEPA Stage 1: 从高点回调 ≥20%; MA200 走平; 成交量萎缩,0.04,0.8,31.46,-35.0
002558,巨人网络,I 信息技术,深圳主板,True,纯筑底股,2026-06-18,23.9,29.03,36.24,36.75,52.96,15.66,52.62,-54.87,-12.2,-40.38,1021052338.0,42289212.0,72.4,"{'corrected_25pct': True, 'ma200_flattening': True, 'near_ma200': False, 'volume_contracting': False, 'tight_range': True, 'near_low': True, 'not_in_stage2': True}",{'reason': '非上升趋势，无标准杯柄'},{'reason': '不满足SEPA上升趋势前提'},True,15,False,False,False,1,{'stage2_core_count': 1},0,26.15,中报,2026-08-31,"[51.84, 72.69, 221.7]","[32.89, 23.58, 237.25]","[42.48, 35.03, 50.07]",SEPA Stage 1: 从高点回调 ≥20%; MA200 走平; 价格波动收窄; 业绩加速,-0.26,0.92,17.11,-34.97
002350,北京科锐,C 制造业,深圳主板,True,纯筑底股,2026-06-18,14.88,15.14,11.88,10.73,18.34,6.41,132.14,-18.87,-5.58,74.85,265324447.0,17694660.0,72.21,"{'corrected_25pct': False, 'ma200_flattening': False, 'near_ma200': False, 'volume_contracting': True, 'tight_range': False, 'near_low': False, 'not_in_stage2': True}",{'reason': '杯底位置异常，非有效U型'},{'reason': '首轮回调幅度过小，无洗盘意义'},False,0,False,False,False,8,"{'stage2_core_count': 8, 'is_base_transition': np.False_, 'is_high_quality_transition': np.False_, 'ma200_turning_up': False, 'volume_turning_up': np.False_, 'pattern_ready': False, 'financial_ready': False, 'rps_120_ready': True, 'tech_signal_count': np.int64(0)}",0,131.68,中报,2026-08-31,"[14.16, 5.34, 19.26]","[1095.68, 54.39, -284.88]","[2.49, 2.85, -4.37]",SEPA Stage 1: 成交量萎缩,8.11,0.63,34.06,38.73
002467,二六三,I 信息技术,深圳主板,True,纯筑底股,2026-06-18,5.19,6.48,6.6,6.57,8.09,5.06,2.57,-35.85,-19.03,-11.13,161422333.0,31201905.0,72.0,"{'corrected_25pct': True, 'ma200_flattening': True, 'near_ma200': False, 'volume_contracting': True, 'tight_range': False, 'near_low': True, 'not_in_stage2': True}",{'reason': '非上升趋势，无标准杯柄'},{'reason': '不满足SEPA上升趋势前提'},True,8,False,False,False,1,{'stage2_core_count': 1},0,84.8,中报,2026-08-31,"[-11.86, -8.12, 10.73]","[17.43, -451.04, -151.38]","[14.24, -34.36, -4.65]",SEPA Stage 1: 从高点回调 ≥20%; MA200 走平; 成交量萎缩; 业绩加速,-0.82,0.32,27.87,-21.05
002544,普天科技,I 信息技术,深圳主板,True,纯筑底股,2026-06-18,19.53,24.19,28.23,27.56,42.05,18.87,3.5,-53.56,-16.89,-37.28,260602176.0,13215237.0,71.5,"{'corrected_25pct': True, 'ma200_flattening': True, 'near_ma200': False, 'volume_contracting': True, 'tight_range': False, 'near_low': True, 'not_in_stage2': True}",{'reason': '非上升趋势，无标准杯柄'},{'reason': '不满足SEPA上升趋势前提'},False,7,False,False,False,1,{'stage2_core_count': 1},0,692.55,中报,2026-08-31,"[-7.82, -1.75, -3.07]","[-166.35, 7.11, 675.29]","[0.39, 0.39, -1.82]",SEPA Stage 1: 从高点回调 ≥20%; MA200 走平; 成交量萎缩,-0.85,0.6,29.68,-29.14
002339,积成电子,C 制造业,深圳主板,True,纯筑底股,2026-06-18,7.45,9.39,9.93,9.47,13.52,7.26,2.62,-44.9,-16.76,-16.39,91384162.0,12182890.0,71.0,"{'corrected_25pct': True, 'ma200_flattening': True, 'near_ma200': False, 'volume_contracting': True, 'tight_range': False, 'near_low': True, 'not_in_stage2': True}",{'reason': '非上升趋势，无标准杯柄'},{'reason': '不满足SEPA上升趋势前提'},False,0,False,False,False,2,{'stage2_core_count': 2},0,69.63,中报,2026-08-31,"[23.11, 18.66, 20.92]","[-9.36, -22.98]","[-3.54, 1.75, -16.39]",SEPA Stage 1: 从高点回调 ≥20%; MA200 走平; 成交量萎缩,0.07,0.27,28.84,-21.35
002394,联发股份,C 制造业,深圳主板,True,纯筑底股,2026-06-18,9.35,11.56,13.02,12.42,19.35,7.31,27.91,-51.68,-16.22,-25.91,76843613.0,8297900.0,71.0,"{'corrected_25pct': True, 'ma200_flattening': True, 'near_ma200': False, 'volume_contracting': True, 'tight_range': False, 'near_low': True, 'not_in_stage2': True}",{'reason': '非上升趋势，无标准杯柄'},{'reason': '不满足SEPA上升趋势前提'},False,0,False,False,False,2,{'stage2_core_count': 2},0,9.92,中报,2026-08-31,"[-17.24, -3.83, -19.4]","[97.77, 48.59, -86.05]","[8.92, 7.59, 1.22]",SEPA Stage 1: 从高点回调 ≥20%; MA200 走平; 成交量萎缩,0.36,0.54,27.65,-24.72
002557,洽洽食品,C 制造业,深圳主板,True,纯筑底股,2026-06-18,18.83,21.0,21.23,21.21,24.79,18.8,0.16,-24.04,-8.24,-9.21,134235214.0,7059693.0,70.0,"{'corrected_25pct': True, 'ma200_flattening': True, 'near_ma200': False, 'volume_contracting': False, 'tight_range': True, 'near_low': True, 'not_in_stage2': True}",{'reason': '非上升趋势，无标准杯柄'},{'reason': '不满足SEPA上升趋势前提'},True,8,False,False,False,2,{'stage2_core_count': 2},0,29.8,中报,2026-08-31,"[-5.38, -7.82, 41.46]","[-72.99, -62.41, 116.85]","[3.76, 4.86, 7.55]",SEPA Stage 1: 从高点回调 ≥20%; MA200 走平; 价格波动收窄; 业绩加速,-0.68,1.07,15.53,-11.23
002474,榕基软件,I 信息技术,深圳主板,True,纯筑底股,2026-06-18,6.31,7.44,8.71,8.34,13.71,6.23,1.28,-53.98,-20.53,-34.06,176891199.0,27438697.0,69.5,"{'corrected_25pct': True, 'ma200_flattening': True, 'near_ma200': False, 'volume_contracting': True, 'tight_range': False, 'near_low': True, 'not_in_stage2': True}",{'reason': '非上升趋势，无标准杯柄'},{'reason': '不满足SEPA上升趋势前提'},False,3,False,False,False,1,{'stage2_core_count': 1},0,,中报,2026-08-31,"[0.96, -1.11, -11.86]",,"[-9.24, -14.33, -9.27]",SEPA Stage 1: 从高点回调 ≥20%; MA200 走平; 成交量萎缩,-0.0,0.68,28.8,-24.32
002357,富临运业,G 运输仓储,深圳主板,True,纯筑底股,2026-06-18,10.1,11.02,11.8,11.46,16.54,7.99,26.41,-38.94,-7.59,-2.79,130315942.0,13050600.0,69.5,"{'corrected_25pct': True, 'ma200_flattening': True, 'near_ma200': False, 'volume_contracting': True, 'tight_range': False, 'near_low': True, 'not_in_stage2': True}",{'reason': '非上升趋势，无标准杯柄'},{'reason': '不满足SEPA上升趋势前提'},False,3,False,False,False,1,{'stage2_core_count': 1},0,18.07,中报,2026-08-31,"[-4.9, -4.62, -2.08]","[81.56, 36.77, -0.69]","[25.95, 21.46, 34.33]",SEPA Stage 1: 从高点回调 ≥20%; MA200 走平; 成交量萎缩,-0.08,0.64,29.63,-11.9
002347,泰尔股份,C 制造业,深圳主板,True,纯筑底股,2026-06-18,6.37,7.72,8.54,8.32,14.54,6.25,1.92,-56.19,-20.97,-19.06,66860556.0,10521202.0,69.5,"{'corrected_25pct': True, 'ma200_flattening': True, 'near_ma200': False, 'volume_contracting': True, 'tight_range': False, 'near_low': True, 'not_in_stage2': True}",{'reason': '非上升趋势，无标准杯柄'},{'reason': '不满足SEPA上升趋势前提'},False,3,False,False,False,1,{'stage2_core_count': 1},0,,中报,2026-08-31,"[11.57, 1.49, -15.61]","[-444.77, -612.51]","[-7.09, -9.32, -2.84]",SEPA Stage 1: 从高点回调 ≥20%; MA200 走平; 成交量萎缩,-0.36,0.42,32.96,-23.43
002441,众业达,F 批发零售,深圳主板,True,纯筑底股,2026-06-18,8.59,9.65,9.83,9.7,11.63,8.11,5.92,-26.14,-14.53,-2.83,64511672.0,7478302.0,69.5,"{'corrected_25pct': True, 'ma200_flattening': True, 'near_ma200': False, 'volume_contracting': True, 'tight_range': False, 'near_low': True, 'not_in_stage2': True}",{'reason': '非上升趋势，无标准杯柄'},{'reason': '不满足SEPA上升趋势前提'},False,3,False,False,False,1,{'stage2_core_count': 1},0,24.42,中报,2026-08-31,"[0.61, -2.44, 3.22]","[26.89, 9.58, 2.81]","[2.22, 1.77, 4.09]",SEPA Stage 1: 从高点回调 ≥20%; MA200 走平; 成交量萎缩,-0.1,0.59,30.09,-11.4
002492,恒基达鑫,G 运输仓储,深圳主板,True,纯筑底股,2026-06-18,5.63,7.13,7.93,7.87,9.99,5.47,2.93,-43.64,-19.23,-29.09,37749854.0,6730300.0,69.5,"{'corrected_25pct': True, 'ma200_flattening': True, 'near_ma200': False, 'volume_contracting': True, 'tight_range': False, 'near_low': True, 'not_in_stage2': True}",{'reason': '非上升趋势，无标准杯柄'},{'reason': '不满足SEPA上升趋势前提'},False,3,False,False,False,1,{'stage2_core_count': 1},0,42.24,中报,2026-08-31,"[-1.34, -1.75, -5.9]","[-2.68, -199.97, -5.4]","[20.73, -18.93, 25.1]",SEPA Stage 1: 从高点回调 ≥20%; MA200 走平; 成交量萎缩,-1.17,0.78,30.71,-28.46
002566,益盛药业,C 制造业,深圳主板,True,纯筑底股,2026-06-18,6.44,7.52,7.87,7.9,9.57,6.37,1.1,-32.71,-14.59,-13.44,29910700.0,4608500.0,68.81,"{'corrected_25pct': True, 'ma200_flattening': True, 'near_ma200': False, 'volume_contracting': False, 'tight_range': True, 'near_low': True, 'not_in_stage2': True}",{'reason': '非上升趋势，无标准杯柄'},{'reason': '不满足SEPA上升趋势前提'},True,13,False,False,False,0,{'stage2_core_count': 0},0,73.68,中报,2026-08-31,"[-5.81, -4.23, 12.24]","[-26.9, -42.89, 34.78]","[5.13, 4.52, 9.08]",SEPA Stage 1: 从高点回调 ≥20%; MA200 走平; 价格波动收窄; 业绩加速,-1.72,0.91,22.92,-18.44
002361,神剑股份,C 制造业,深圳主板,True,纯筑底股,2026-06-18,15.16,18.29,13.54,11.8,23.95,5.67,167.37,-36.7,-12.37,117.19,2203083574.0,144785927.0,68.53,"{'corrected_25pct': True, 'ma200_flattening': False, 'near_ma200': False, 'volume_contracting': True, 'tight_range': False, 'near_low': False, 'not_in_stage2': True}",{'reason': '杯底位置异常，非有效U型'},"{'vcp_valid': False, 'vcp_status': '构筑中', 'vcp_contractions': 4, 'vcp_tighten': False, 'vcp_vol_shrink': False, 'high_trend_ok': False, 'vcp_tight_range': 20.63, 'vcp_vol_dry_up': np.False_, 'vcp_breakout': False, 'vcp_ranges': [38.41, 28.48, 36.28, 20.63], 'vcp_vols': [150239101.5, 148556534.0, 195596449.48, 225538748.71], 'vcp_resistance': 19.1}",False,0,False,False,False,7,"{'stage2_core_count': 7, 'is_base_transition': np.False_, 'is_high_quality_transition': np.False_, 'ma200_turning_up': False, 'volume_turning_up': np.False_, 'pattern_ready': False, 'financial_ready': False, 'rps_120_ready': True, 'tech_signal_count': np.int64(0)}",0,698.62,中报,2026-08-31,"[5.64, 0.04, -5.49]","[-4.84, -137.31, -169.37]","[1.13, -0.31, -1.35]",SEPA Stage 1: 从高点回调 ≥20%; 成交量萎缩,8.74,0.77,34.97,28.49
002405,四维图新,I 信息技术,深圳主板,True,纯筑底股,2026-06-18,7.1,8.8,9.41,9.39,11.73,7.03,1.0,-39.47,-25.5,-17.35,393185930.0,55162040.0,68.0,"{'corrected_25pct': True, 'ma200_flattening': True, 'near_ma200': False, 'volume_contracting': True, 'tight_range': False, 'near_low': True, 'not_in_stage2': True}",{'reason': '非上升趋势，无标准杯柄'},{'reason': '不满足SEPA上升趋势前提'},False,0,False,False,False,1,{'stage2_core_count': 1},0,267.92,中报,2026-08-31,"[5.2, 17.25, 13.36]",,"[-26.9, 1.52, -17.11]",SEPA Stage 1: 从高点回调 ≥20%; MA200 走平; 成交量萎缩,-0.39,0.76,40.11,-24.36
002400,省广集团,L 商务服务,深圳主板,True,纯筑底股,2026-06-18,6.99,8.37,9.18,8.96,13.89,6.82,2.49,-49.68,-16.39,-12.62,389606920.0,55392402.0,68.0,"{'corrected_25pct': True, 'ma200_flattening': True, 'near_ma200': False, 'volume_contracting': True, 'tight_range': False, 'near_low': True, 'not_in_stage2': True}",{'reason': '非上升趋势，无标准杯柄'},{'reason': '不满足SEPA上升趋势前提'},False,0,False,False,False,1,{'stage2_core_count': 1},0,102.19,中报,2026-08-31,"[6.85, 3.37, 22.22]","[20.75, 44.76, -33.55]","[0.65, 0.56, 0.36]",SEPA Stage 1: 从高点回调 ≥20%; MA200 走平; 成交量萎缩,-0.25,0.43,25.22,-21.96
002541,鸿路钢构,C 制造业,深圳主板,True,纯筑底股,2026-06-18,16.6,19.18,19.5,19.21,25.25,15.35,8.14,-34.26,-6.43,2.6,198279197.0,11979042.0,68.0,"{'corrected_25pct': True, 'ma200_flattening': True, 'near_ma200': False, 'volume_contracting': False, 'tight_range': True, 'near_low': True, 'not_in_stage2': True}",{'reason': '非上升趋势，无标准杯柄'},{'reason': '不满足SEPA上升趋势前提'},True,10,False,False,False,1,{'stage2_core_count': 1},0,18.19,中报,2026-08-31,"[0.19, 2.57, 8.87]","[-24.16, -18.48, 8.68]","[3.12, 2.85, 2.83]",SEPA Stage 1: 从高点回调 ≥20%; MA200 走平; 价格波动收窄; 业绩加速,-0.05,1.13,22.93,-13.58
002355,兴民智通,C 制造业,深圳主板,True,纯筑底股,2026-06-18,4.69,5.87,6.31,6.25,8.3,4.66,0.64,-43.49,-24.35,-20.91,97957086.0,20766602.0,68.0,"{'corrected_25pct': True, 'ma200_flattening': True, 'near_ma200': False, 'volume_contracting': True, 'tight_range': False, 'near_low': True, 'not_in_stage2': True}",{'reason': '非上升趋势，无标准杯柄'},{'reason': '不满足SEPA上升趋势前提'},False,0,False,False,False,1,{'stage2_core_count': 1},0,,中报,2026-08-31,"[19.06, 16.66, 9.13]","[-251.28, -284.53, -227.15]","[-28.94, -37.28, -70.28]",SEPA Stage 1: 从高点回调 ≥20%; MA200 走平; 成交量萎缩,-1.84,0.48,41.63,-24.95
002374,中锐股份,C 制造业,深圳主板,True,纯筑底股,2026-06-18,3.16,3.33,3.48,3.33,4.63,2.61,21.07,-31.75,-14.36,-17.92,69003690.0,21901900.0,67.8,"{'corrected_25pct': True, 'ma200_flattening': True, 'near_ma200': True, 'volume_contracting': False, 'tight_range': False, 'near_low': True, 'not_in_stage2': True}",{'reason': '非上升趋势，无标准杯柄'},{'reason': '不满足SEPA上升趋势前提'},False,0,False,False,False,2,{'stage2_core_count': 2},0,,中报,2026-08-31,"[-12.24, -12.43, -2.96]",,"[-24.22, -46.71, -91.41]",SEPA Stage 1: 从高点回调 ≥20%; MA200 走平; 贴近MA200（-5.1%）,1.76,0.93,30.29,-5.11
002508,老板电器,C 制造业,深圳主板,True,纯筑底股,2026-06-18,15.52,17.67,18.99,18.92,21.85,15.39,0.84,-28.97,-8.38,-19.59,74112066.0,4775006.0,67.67,"{'corrected_25pct': True, 'ma200_flattening': True, 'near_ma200': False, 'volume_contracting': False, 'tight_range': True, 'near_low': True, 'not_in_stage2': True}",{'reason': '非上升趋势，无标准杯柄'},{'reason': '不满足SEPA上升趋势前提'},False,3,False,False,False,1,{'stage2_core_count': 1},0,11.84,中报,2026-08-31,"[-1.14, -9.78, -5.46]","[-3.47, -20.36, -8.83]","[15.65, 12.25, 15.59]",SEPA Stage 1: 从高点回调 ≥20%; MA200 走平; 价格波动收窄,-1.01,0.87,11.89,-17.97
002545,东方铁塔,C 制造业,深圳主板,True,纯筑底股,2026-06-18,18.47,22.47,21.99,19.77,30.9,7.87,134.69,-40.23,-19.27,10.27,443909046.0,23861100.0,67.06,"{'corrected_25pct': True, 'ma200_flattening': False, 'near_ma200': True, 'volume_contracting': False, 'tight_range': False, 'near_low': False, 'not_in_stage2': True}",{'reason': '非上升趋势，无标准杯柄'},{'reason': '不满足SEPA上升趋势前提'},True,8,False,False,False,5,{'stage2_core_count': 5},0,19.08,中报,2026-08-31,"[9.05, 16.27, 48.59]","[77.37, 113.81, 95.23]","[24.4, 24.69, 28.34]",SEPA Stage 1: 从高点回调 ≥20%; 贴近MA200（-6.6%）; 业绩加速,5.97,1.11,37.3,-6.58
002461,珠江啤酒,C 制造业,深圳主板,True,纯筑底股,2026-06-18,8.25,9.49,9.38,9.54,11.55,8.21,0.49,-28.57,-10.62,-11.48,115950627.0,13986502.0,66.5,"{'corrected_25pct': True, 'ma200_flattening': True, 'near_ma200': False, 'volume_contracting': False, 'tight_range': True, 'near_low': True, 'not_in_stage2': True}",{'reason': '非上升趋势，无标准杯柄'},{'reason': '不满足SEPA上升趋势前提'},False,7,False,False,False,1,{'stage2_core_count': 1},0,19.1,中报,2026-08-31,"[3.81, 2.56, 5.86]","[16.05, 10.62, 12.63]","[18.85, 15.64, 14.01]",SEPA Stage 1: 从高点回调 ≥20%; MA200 走平; 价格波动收窄,-1.17,1.69,21.68,-13.54
002425,凯撒文化,I 信息技术,深圳主板,True,纯筑底股,2026-06-18,2.74,3.23,3.63,3.7,4.48,2.67,2.62,-38.84,-16.21,-23.89,48262186.0,17699380.0,66.5,"{'corrected_25pct': True, 'ma200_flattening': True, 'near_ma200': False, 'volume_contracting': True, 'tight_range': False, 'near_low': True, 'not_in_stage2': True}",{'reason': '非上升趋势，无标准杯柄'},{'reason': '不满足SEPA上升趋势前提'},False,3,False,False,False,0,{'stage2_core_count': 0},0,228.33,中报,2026-08-31,"[28.62, 21.01, 8.14]","[-22.87, 402.92]","[-28.08, -104.26, 5.94]",SEPA Stage 1: 从高点回调 ≥20%; MA200 走平; 成交量萎缩,-0.47,0.81,26.22,-25.87
002524,光正眼科,Q 卫生,深圳主板,True,纯筑底股,2026-06-18,3.4,4.04,4.37,4.38,5.56,3.31,2.72,-38.85,-16.05,-16.26,40791774.0,12011000.0,66.5,"{'corrected_25pct': True, 'ma200_flattening': True, 'near_ma200': False, 'volume_contracting': True, 'tight_range': False, 'near_low': True, 'not_in_stage2': True}",{'reason': '非上升趋势，无标准杯柄'},{'reason': '不满足SEPA上升趋势前提'},False,3,False,False,False,0,{'stage2_core_count': 0},0,4857.14,中报,2026-08-31,"[-5.05, -0.86, -10.15]","[-1895.33, 13.1, -618.28]","[0.06, -2.22, -2.05]",SEPA Stage 1: 从高点回调 ≥20%; MA200 走平; 成交量萎缩,-2.16,0.67,26.59,-22.37
002456,欧菲光,C 制造业,深圳主板,True,纯筑底股,2026-06-18,9.3,9.15,10.0,10.72,14.84,8.36,11.24,-37.33,7.64,-11.85,1035832255.0,110483388.0,65.5,"{'corrected_25pct': True, 'ma200_flattening': True, 'near_ma200': False, 'volume_contracting': False, 'tight_range': True, 'near_low': True, 'not_in_stage2': True}",{'reason': '非上升趋势，无标准杯柄'},{'reason': '不满足SEPA上升趋势前提'},False,5,False,False,False,1,{'stage2_core_count': 1},0,188.26,中报,2026-08-31,"[9.29, 8.38, -23.6]","[-255.16, -121.61, 28.27]","[-0.13, 0.75, -6.04]",SEPA Stage 1: 从高点回调 ≥20%; MA200 走平; 价格波动收窄,-2.08,2.17,20.95,-13.23
002553,南方精工,C 制造业,深圳主板,True,纯筑底股,2026-06-18,17.21,21.56,24.92,26.35,36.3,16.91,1.77,-52.59,-17.97,-31.32,126283045.0,7311441.0,65.0,"{'corrected_25pct': True, 'ma200_flattening': True, 'near_ma200': False, 'volume_contracting': True, 'tight_range': False, 'near_low': True, 'not_in_stage2': True}",{'reason': '非上升趋势，无标准杯柄'},{'reason': '不满足SEPA上升趋势前提'},False,0,False,False,False,0,{'stage2_core_count': 0},0,16.77,中报,2026-08-31,"[11.27, 8.93, 6.57]","[839.97, 3265.71, -101.08]","[57.41, 37.85, -0.5]",SEPA Stage 1: 从高点回调 ≥20%; MA200 走平; 成交量萎缩,-2.54,0.81,25.19,-34.69
002526,山东矿机,C 制造业,深圳主板,True,纯筑底股,2026-06-18,2.76,3.24,3.56,3.66,4.52,2.74,0.73,-38.94,-10.68,-19.53,62525544.0,22579053.0,65.0,"{'corrected_25pct': True, 'ma200_flattening': True, 'near_ma200': False, 'volume_contracting': True, 'tight_range': False, 'near_low': True, 'not_in_stage2': True}",{'reason': '非上升趋势，无标准杯柄'},{'reason': '不满足SEPA上升趋势前提'},False,0,False,False,False,0,{'stage2_core_count': 0},0,36.8,中报,2026-08-31,"[-11.98, -10.57, -16.09]","[1.73, 8.24, -77.2]","[7.74, 6.28, 3.45]",SEPA Stage 1: 从高点回调 ≥20%; MA200 走平; 成交量萎缩,-2.56,0.72,27.01,-24.63
002420,毅昌科技,C 制造业,深圳主板,True,纯筑底股,2026-06-18,5.44,6.79,7.41,7.43,9.1,5.39,0.93,-40.22,-16.95,-22.95,51165336.0,9394580.0,65.0,"{'corrected_25pct': True, 'ma200_flattening': True, 'near_ma200': False, 'volume_contracting': True, 'tight_range': False, 'near_low': True, 'not_in_stage2': True}",{'reason': '非上升趋势，无标准杯柄'},{'reason': '不满足SEPA上升趋势前提'},False,0,False,False,False,0,{'stage2_core_count': 0},0,10.85,中报,2026-08-31,"[14.3, 10.83, -18.39]","[-28.68, 125.51, -4.54]","[2.37, 6.94, 4.37]",SEPA Stage 1: 从高点回调 ≥20%; MA200 走平; 成交量萎缩,-0.92,0.7,25.97,-26.79
002483,润邦股份,C 制造业,深圳主板,True,纯筑底股,2026-06-18,5.24,6.1,6.71,6.71,8.11,5.2,0.77,-35.39,-9.19,-23.39,35422514.0,6749263.0,64.72,"{'corrected_25pct': True, 'ma200_flattening': True, 'near_ma200': False, 'volume_contracting': False, 'tight_range': True, 'near_low': True, 'not_in_stage2': True}",{'reason': '非上升趋势，无标准杯柄'},{'reason': '不满足SEPA上升趋势前提'},False,3,False,False,False,0,{'stage2_core_count': 0},0,9.94,中报,2026-08-31,"[-8.79, -16.74, -33.98]","[-25.64, -36.1, -15.04]","[5.73, 6.82, 8.23]",SEPA Stage 1: 从高点回调 ≥20%; MA200 走平; 价格波动收窄,-1.54,0.87,15.96,-21.96
002495,佳隆股份,C 制造业,深圳主板,True,纯筑底股,2026-06-18,2.18,2.51,2.67,2.68,3.31,2.13,2.35,-34.14,-11.38,-18.66,35876155.0,16518500.0,64.65,"{'corrected_25pct': True, 'ma200_flattening': True, 'near_ma200': False, 'volume_contracting': False, 'tight_range': True, 'near_low': True, 'not_in_stage2': True}",{'reason': '非上升趋势，无标准杯柄'},{'reason': '不满足SEPA上升趋势前提'},False,5,False,False,False,0,{'stage2_core_count': 0},0,108.46,中报,2026-08-31,"[-4.48, -7.33, 8.25]","[-27.02, -14.83, 9.41]","[5.92, 7.57, 3.93]",SEPA Stage 1: 从高点回调 ≥20%; MA200 走平; 价格波动收窄,-1.15,0.91,23.0,-18.64
002381,双箭股份,C 制造业,深圳主板,True,纯筑底股,2026-06-18,5.35,6.11,6.51,6.56,7.33,5.3,0.94,-27.01,-11.28,-14.94,23479390.0,4367701.0,64.53,"{'corrected_25pct': True, 'ma200_flattening': True, 'near_ma200': False, 'volume_contracting': False, 'tight_range': True, 'near_low': True, 'not_in_stage2': True}",{'reason': '非上升趋势，无标准杯柄'},{'reason': '不满足SEPA上升趋势前提'},False,3,False,False,False,0,{'stage2_core_count': 0},0,34.97,中报,2026-08-31,"[1.4, -1.4, -12.5]","[-63.37, -59.16, -31.44]","[2.61, 2.35, 3.11]",SEPA Stage 1: 从高点回调 ≥20%; MA200 走平; 价格波动收窄,-1.84,0.88,17.36,-18.46
002462,嘉事堂,F 批发零售,深圳主板,True,纯筑底股,2026-06-18,12.54,13.8,14.86,14.67,19.69,12.35,1.54,-36.31,-6.28,-15.44,126902947.0,9920000.0,64.5,"{'corrected_25pct': True, 'ma200_flattening': True, 'near_ma200': False, 'volume_contracting': False, 'tight_range': True, 'near_low': True, 'not_in_stage2': True}",{'reason': '非上升趋势，无标准杯柄'},{'reason': '不满足SEPA上升趋势前提'},False,3,False,False,False,1,{'stage2_core_count': 1},0,19.1,中报,2026-08-31,"[-21.8, -18.71, -15.09]","[-46.93, -68.38, -31.14]","[1.32, 0.52, 1.3]",SEPA Stage 1: 从高点回调 ≥20%; MA200 走平; 价格波动收窄,-0.54,1.03,15.38,-14.5
002487,大金重工,C 制造业,深圳主板,True,纯筑底股,2026-06-18,58.32,75.68,64.7,59.28,94.18,27.46,112.38,-38.08,-23.06,8.04,1348478886.0,22771795.0,64.16,"{'corrected_25pct': True, 'ma200_flattening': False, 'near_ma200': True, 'volume_contracting': False, 'tight_range': False, 'near_low': False, 'not_in_stage2': True}",{'reason': '非上升趋势，无标准杯柄'},{'reason': '不满足SEPA上升趋势前提'},False,3,False,False,False,5,{'stage2_core_count': 5},0,33.71,中报,2026-08-31,"[99.25, 63.34, 67.17]","[214.63, 132.82, 88.19]","[19.31, 17.87, 22.79]",SEPA Stage 1: 从高点回调 ≥20%; 贴近MA200（-1.6%）,6.17,1.09,38.7,-1.62
002480,新筑股份,C 制造业,深圳主板,True,纯筑底股,2026-06-18,5.69,6.15,6.28,6.45,7.91,5.46,4.21,-28.07,-7.18,-2.57,88145187.0,15406802.0,64.1,"{'corrected_25pct': True, 'ma200_flattening': True, 'near_ma200': False, 'volume_contracting': False, 'tight_range': True, 'near_low': True, 'not_in_stage2': True}",{'reason': '非上升趋势，无标准杯柄'},{'reason': '不满足SEPA上升趋势前提'},False,3,False,False,False,0,{'stage2_core_count': 0},0,367.1,中报,2026-08-31,"[-36.97, -39.96, -1.81]",[-919.37],"[1.13, -8.37, -3.92]",SEPA Stage 1: 从高点回调 ≥20%; MA200 走平; 价格波动收窄,-1.88,0.9,21.79,-11.76
002399,海普瑞,C 制造业,深圳主板,True,纯筑底股,2026-06-18,8.77,10.2,11.19,11.45,14.11,8.73,0.46,-37.85,-12.65,-23.61,60030555.0,6765483.0,64.0,"{'corrected_25pct': True, 'ma200_flattening': True, 'near_ma200': False, 'volume_contracting': False, 'tight_range': True, 'near_low': True, 'not_in_stage2': True}",{'reason': '非上升趋势，无标准杯柄'},{'reason': '不满足SEPA上升趋势前提'},True,8,False,False,False,0,{'stage2_core_count': 0},0,23.29,中报,2026-08-31,"[3.09, 3.75, -4.55]","[-29.07, -45.17, 19.98]","[13.18, 6.25, 14.08]",SEPA Stage 1: 从高点回调 ≥20%; MA200 走平; 价格波动收窄; 业绩加速,-3.14,1.04,16.15,-23.43
002345,潮宏基,C 制造业,深圳主板,True,纯筑底股,2026-06-18,9.63,9.77,11.13,11.87,16.93,8.37,15.05,-43.12,4.56,-19.75,145088658.0,15021394.0,63.83,"{'corrected_25pct': True, 'ma200_flattening': True, 'near_ma200': False, 'volume_contracting': False, 'tight_range': True, 'near_low': True, 'not_in_stage2': True}",{'reason': '非上升趋势，无标准杯柄'},{'reason': '不满足SEPA上升趋势前提'},False,3,False,False,False,0,{'stage2_core_count': 0},0,18.15,中报,2026-08-31,"[28.35, 42.96, 10.93]","[0.1, 178.73, 39.36]","[5.07, 5.06, 10.59]",SEPA Stage 1: 从高点回调 ≥20%; MA200 走平; 价格波动收窄,-4.14,0.91,22.7,-18.86
002352,顺丰控股,G 运输仓储,深圳主板,True,纯筑底股,2026-06-18,31.55,35.65,37.09,38.17,49.51,31.36,0.61,-36.28,-11.08,-15.17,824019273.0,26112541.0,63.41,"{'corrected_25pct': True, 'ma200_flattening': True, 'near_ma200': False, 'volume_contracting': False, 'tight_range': True, 'near_low': True, 'not_in_stage2': True}",{'reason': '非上升趋势，无标准杯柄'},{'reason': '不满足SEPA上升趋势前提'},False,0,False,False,False,0,{'stage2_core_count': 0},0,13.61,中报,2026-08-31,"[8.89, 8.37, 6.14]","[13.6, 14.35, 12.28]","[3.87, 3.79, 3.58]",SEPA Stage 1: 从高点回调 ≥20%; MA200 走平; 价格波动收窄,-2.94,0.86,14.8,-17.35
002551,尚荣医疗,C 制造业,深圳主板,True,纯筑底股,2026-06-18,2.82,3.3,3.63,3.77,5.49,2.76,2.17,-48.63,-13.76,-21.45,31820621.0,11303296.0,63.39,"{'corrected_25pct': True, 'ma200_flattening': True, 'near_ma200': False, 'volume_contracting': False, 'tight_range': True, 'near_low': True, 'not_in_stage2': True}",{'reason': '非上升趋势，无标准杯柄'},{'reason': '不满足SEPA上升趋势前提'},False,3,False,False,False,0,{'stage2_core_count': 0},0,,中报,2026-08-31,"[-24.85, -25.61, -7.99]","[-286.41, -664.24, -107.24]","[-4.6, -13.57, -0.48]",SEPA Stage 1: 从高点回调 ≥20%; MA200 走平; 价格波动收窄,-2.92,0.92,23.91,-25.16
002486,嘉麟杰,C 制造业,深圳主板,True,纯筑底股,2026-06-18,2.39,2.67,2.95,2.91,3.34,2.18,9.63,-28.44,-8.08,-18.43,245700716.0,102777650.0,63.0,"{'corrected_25pct': True, 'ma200_flattening': True, 'near_ma200': False, 'volume_contracting': False, 'tight_range': True, 'near_low': True, 'not_in_stage2': True}",{'reason': '非上升趋势，无标准杯柄'},{'reason': '不满足SEPA上升趋势前提'},False,0,False,False,False,1,{'stage2_core_count': 1},0,34.64,中报,2026-08-31,"[3.49, 6.98, 0.03]","[213.66, 161.06, -80.62]","[6.19, 4.12, 0.75]",SEPA Stage 1: 从高点回调 ≥20%; MA200 走平; 价格波动收窄,-1.15,1.01,22.94,-17.91
002482,广田集团,E 建筑业,深圳主板,True,纯筑底股,2026-06-18,1.38,1.59,1.71,1.74,2.2,1.34,2.99,-37.27,-10.97,-18.82,173610490.0,123417306.0,61.5,"{'corrected_25pct': True, 'ma200_flattening': True, 'near_ma200': False, 'volume_contracting': False, 'tight_range': True, 'near_low': True, 'not_in_stage2': True}",{'reason': '非上升趋势，无标准杯柄'},{'reason': '不满足SEPA上升趋势前提'},False,3,False,False,False,0,{'stage2_core_count': 0},0,,中报,2026-08-31,"[255.97, 111.18, 100.98]",[-110.02],"[-9.53, -8.34, -6.39]",SEPA Stage 1: 从高点回调 ≥20%; MA200 走平; 价格波动收窄,-1.89,1.15,17.16,-20.83
002434,万里扬,C 制造业,深圳主板,True,纯筑底股,2026-06-18,6.78,7.5,8.58,8.74,11.31,6.6,2.73,-40.05,-13.85,-23.22,124498043.0,18302756.0,61.5,"{'corrected_25pct': True, 'ma200_flattening': True, 'near_ma200': False, 'volume_contracting': False, 'tight_range': True, 'near_low': True, 'not_in_stage2': True}",{'reason': '非上升趋势，无标准杯柄'},{'reason': '不满足SEPA上升趋势前提'},False,3,False,False,False,0,{'stage2_core_count': 0},0,24.41,中报,2026-08-31,"[-2.14, -9.33, -31.0]","[37.37, 4.16, -36.29]","[8.68, 4.91, 7.82]",SEPA Stage 1: 从高点回调 ≥20%; MA200 走平; 价格波动收窄,-0.99,1.06,17.29,-22.42
002369,卓翼科技,C 制造业,深圳主板,True,纯筑底股,2026-06-18,5.98,6.89,8.02,8.43,12.37,5.77,3.64,-51.66,-11.8,-31.66,73896201.0,12347399.0,61.5,"{'corrected_25pct': True, 'ma200_flattening': True, 'near_ma200': False, 'volume_contracting': False, 'tight_range': True, 'near_low': True, 'not_in_stage2': True}",{'reason': '非上升趋势，无标准杯柄'},{'reason': '不满足SEPA上升趋势前提'},False,3,False,False,False,0,{'stage2_core_count': 0},0,,中报,2026-08-31,"[1.95, -0.35, -12.99]",,"[-12.81, -15.65, -6.29]",SEPA Stage 1: 从高点回调 ≥20%; MA200 走平; 价格波动收窄,-3.08,1.07,22.53,-29.1
002351,漫步者,C 制造业,深圳主板,True,纯筑底股,2026-06-18,10.0,10.94,11.65,12.04,14.72,9.75,2.56,-32.07,-8.84,-15.68,57545770.0,5777330.0,61.5,"{'corrected_25pct': True, 'ma200_flattening': True, 'near_ma200': False, 'volume_contracting': False, 'tight_range': True, 'near_low': True, 'not_in_stage2': True}",{'reason': '非上升趋势，无标准杯柄'},{'reason': '不满足SEPA上升趋势前提'},False,3,False,False,False,0,{'stage2_core_count': 0},0,19.11,中报,2026-08-31,"[-4.16, -4.97, -12.12]","[-12.51, -6.3, -4.76]","[16.08, 16.64, 19.07]",SEPA Stage 1: 从高点回调 ≥20%; MA200 走平; 价格波动收窄,-2.02,1.65,18.56,-16.94
002403,爱仕达,C 制造业,深圳主板,True,纯筑底股,2026-06-18,9.65,10.71,11.75,12.64,18.36,9.33,3.43,-47.44,-15.2,-20.58,45466802.0,4643388.0,61.5,"{'corrected_25pct': True, 'ma200_flattening': True, 'near_ma200': False, 'volume_contracting': False, 'tight_range': True, 'near_low': True, 'not_in_stage2': True}",{'reason': '非上升趋势，无标准杯柄'},{'reason': '不满足SEPA上升趋势前提'},False,3,False,False,False,0,{'stage2_core_count': 0},0,,中报,2026-08-31,"[-7.57, -8.52, 7.61]","[-5847.22, -2269.06, -266.67]","[-3.21, -8.34, -1.56]",SEPA Stage 1: 从高点回调 ≥20%; MA200 走平; 价格波动收窄,-3.46,1.42,23.58,-23.63
002368,太极股份,I 信息技术,深圳主板,True,纯筑底股,2026-06-18,17.04,17.59,21.37,22.94,31.25,15.02,13.45,-45.47,5.32,-25.91,214421298.0,12486847.0,60.0,"{'corrected_25pct': True, 'ma200_flattening': True, 'near_ma200': False, 'volume_contracting': False, 'tight_range': True, 'near_low': True, 'not_in_stage2': True}",{'reason': '非上升趋势，无标准杯柄'},{'reason': '不满足SEPA上升趋势前提'},False,0,False,False,False,0,{'stage2_core_count': 0},0,931.15,中报,2026-08-31,"[12.15, -0.6, -36.58]","[0.59, -417.38, -837.59]","[0.23, -9.25, -13.77]",SEPA Stage 1: 从高点回调 ≥20%; MA200 走平; 价格波动收窄,-4.0,1.06,16.05,-25.71
002500,山西证券,J 金融业,深圳主板,True,纯筑底股,2026-06-18,5.08,5.4,5.81,5.98,6.87,4.89,3.89,-26.06,-3.05,-15.89,161762181.0,31594973.0,60.0,"{'corrected_25pct': True, 'ma200_flattening': True, 'near_ma200': False, 'volume_contracting': False, 'tight_range': True, 'near_low': True, 'not_in_stage2': True}",{'reason': '非上升趋势，无标准杯柄'},{'reason': '不满足SEPA上升趋势前提'},False,0,False,False,False,0,{'stage2_core_count': 0},0,20.52,中报,2026-08-31,,"[37.75, 28.7, 8.45]",,SEPA Stage 1: 从高点回调 ≥20%; MA200 走平; 价格波动收窄,-1.84,1.12,10.02,-15.05
002365,永安药业,C 制造业,深圳主板,True,纯筑底股,2026-06-18,10.67,12.58,14.29,15.24,31.75,10.61,0.57,-66.39,-12.04,-27.91,64403382.0,5992699.0,54.63,"{'corrected_25pct': True, 'ma200_flattening': False, 'near_ma200': False, 'volume_contracting': False, 'tight_range': True, 'near_low': True, 'not_in_stage2': True}",{'reason': '非上升趋势，无标准杯柄'},{'reason': '不满足SEPA上升趋势前提'},True,8,False,False,False,0,{'stage2_core_count': 0},0,192.25,中报,2026-08-31,"[-6.72, -6.63, 37.83]","[-83.26, -72.21, -87.96]","[2.83, 0.92, 3.39]",SEPA Stage 1: 从高点回调 ≥20%; 价格波动收窄; 业绩加速,-5.49,0.94,20.17,-30.0
